[{"ingredient_name":"\ucf54\ub2e4\ub9ac","original":"\uc798 \ub9d0\ub9b0 \ucf54\ub2e4\ub9ac"},{"ingredient_name":"\uace0\ucd94","original":"\ud64d\uace0\ucd94"},{"ingredient_name":"\uace0\ucd94\uac00\ub8e8","original":"\uace0\ucd94\uac00\ub8e8"},{"ingredient_name":"\uac04\uc7a5","original":"\uc9c4\uac04\uc7a5"},{"ingredient_name":"\uc124\ud0d5","original":"\uc124\ud0d5"},{"ingredient_name":"\ud30c","original":"\ub2e4\uc9c4\ud30c"},{"ingredient_name":"\ub9c8\ub298","original":"\ub2e4\uc9c4\ub9c8\ub298"},{"ingredient_name":"\uc0dd\uac15","original":"\uc0dd\uac15"},{"ingredient_name":"\ud6c4\ucd94","original":"\ud6c4\ucda7\uac00\ub8e8"},{"ingredient_name":"\ubb3c\uc5ff","original":"\ubb3c\uc5ff"},{"ingredient_name":"\uc18c\uc8fc","original":"\uccad\uc8fc"},{"ingredient_name":"\ucc38\uae30\ub984","original":"\ucc38\uae30\ub984"},{"ingredient_name":"\uae68","original":"\ud1b5\uae68"},{"ingredient_name":"\uc62c\ub9ac\ube0c\uc720","original":"\uc62c\ub9ac\ube0c\uc720"},{"ingredient_name":"\ubb3c","original":"\ubb3c"},{"ingredient_name":"\ubd80\ucd94","original":"\ubd80\ucd94"},{"ingredient_name":"\uc591\ud30c","original":"\uc591\ud30c"},{"ingredient_name":"\ub2f9\uadfc","original":"\ub2f9\uadfc"},{"ingredient_name":"\uace0\ucd94","original":"\uccad\uc591 \uace0\ucd94"},{"ingredient_name":"\uac00\ub8e8","original":"\ubd80\uce68\uac00\ub8e8"},{"ingredient_name":"\uac00\ub8e8","original":"\ubc00\uac00\ub8e8"},{"ingredient_name":"\uc5bc\uc74c","original":"\uc5bc\uc74c\ubb3c"},{"ingredient_name":"\uac04\uc7a5","original":"\uad6d\uac04\uc7a5"},{"ingredient_name":"\ub3fc\uc9c0\uace0\uae30","original":"\ub3fc\uc9c0\uace0\uae30 \uc548\uc2ec\uc57d 500g"},{"ingredient_name":"\uace0\ucd94","original":"\uccad\uc591\uace0\ucd94"},{"ingredient_name":"\ub41c\uc7a5","original":"\ub41c\uc7a5"},{"ingredient_name":"\ud6c4\ucd94","original":"\ud1b5\ud6c4\ucd94"},{"ingredient_name":"\ub300\ud30c","original":"\ub300\ud30c \ud770 \ubd80\ubd84"},{"ingredient_name":"\ub9c8\ub298","original":"\ub9c8\ub298"},{"ingredient_name":"\uc0dd\uac15","original":"\uc0dd\uac15\uc774\ub098 \uc0dd\uac15\uac00\ub8e8"},{"ingredient_name":"\uac04\uc7a5","original":"\uac04\uc7a5"},{"ingredient_name":"\uc18c\uc8fc","original":"\ub9db\uc220"},{"ingredient_name":"\uc124\ud0d5","original":"\ud751\uc124\ud0d5"},{"ingredient_name":"\ub9c8\ub298","original":"\ub9c8\ub298\uc885 \uc791\uc740"},{"ingredient_name":"\uc18c\uae08","original":"\uc18c\uae08"},{"ingredient_name":"\uc0bc\uacb9\uc0b4","original":"\ud1b5\uc0bc\uacb9\uc0b4\ud55c\uadfc"},{"ingredient_name":"\ub300\ud30c","original":"\ub300\ud30c\ucc44"},{"ingredient_name":"\ub9c8\ub298","original":"\ud1b5 \ub9c8\ub298"},{"ingredient_name":"\ud30c","original":"\ud30c\ubfcc\ub9ac"},{"ingredient_name":"\uc6d4\uacc4\uc218","original":"\uc6d4\uacc4\uc218\uc78e"},{"ingredient_name":"\uad74\uc18c\uc2a4","original":"\uad74\uc18c\uc2a4"},{"ingredient_name":"\ucee4\ud53c","original":"\uc778\uc2a4\ud134\ud2b8 \ucee4\ud53c"},{"ingredient_name":"\ub450\ubd80","original":"\uc21c\ub450\ubd80"},{"ingredient_name":"\uc721\uc218","original":"\uc9c4\ud55c \uba78\uce58\ub2e4\uc2dc\ub9c8 \uc721\uc218"},{"ingredient_name":"\uacc4\ub780","original":"\ub2ec\uac40"},{"ingredient_name":"\ub300\ud30c","original":"\ub300\ud30c\ub098 \ucabd\ud30c"},{"ingredient_name":"\uc561\uc813","original":"\uc0c8\uc6b0\uc813"},{"ingredient_name":"\ub9c8\ub298","original":"\ub2e4\uc9c4 \ub9c8\ub298"},{"ingredient_name":"\uace0\ucd94\uac00\ub8e8","original":"\uace0\ucda7\uac00\ub8e8"},{"ingredient_name":"\uc624\uc774","original":"\uc870\uc120\uc624\uc774"},{"ingredient_name":"\uc18c\uae08","original":"\uad75\uc740 \uc18c\uae08"},{"ingredient_name":"\ubd80\ucd94","original":"\ubd80\ucd94 \uc790\ub978 \uac83"},{"ingredient_name":"\uc561\uc813","original":"\uba78\uce58\uc561\uc813"},{"ingredient_name":"\uc0dd\uac15","original":"\ub2e4\uc9c4 \uc0dd\uac15"},{"ingredient_name":"\uac10\uc790","original":"\uac10\uc790\uc911"},{"ingredient_name":"\ub300\ud30c","original":"\ub300\ud30c\ub098 \ucabd\ud30c \uc370\uc740 \uac83"},{"ingredient_name":"\uc2dd\uc6a9\uc720","original":"\uc2dd\uc6a9\uc720\ub098 \ud3ec\ub3c4\uc528\uc624\uc77c"},{"ingredient_name":"\uba78\uce58","original":"\uba78\uce58"},{"ingredient_name":"\uacac\uacfc\ub958","original":"\ub545\ucf69"},{"ingredient_name":"\uc62c\ub9ac\ube0c\uc720","original":"\uc62c\ub9ac\ube0c\uc624\uc77c"},{"ingredient_name":"\uace0\ucd94\uc7a5","original":"\uace0\ucd94\uc7a5"},{"ingredient_name":"\uace0\ucd94","original":"\uace0\ucd94\uae30\ub984"},{"ingredient_name":"\uc544\uadc0","original":"\uc544\uadc0"},{"ingredient_name":"\ucf69\ub098\ubb3c","original":"\ucf69\ub098\ubb3c"},{"ingredient_name":"\ubbf8\ub098\ub9ac","original":"\ubbf8\ub098\ub9acor\uae7b\uc78e\uace0\ucd94"},{"ingredient_name":"\ub300\ud30c","original":"\ub300\ud30c"},{"ingredient_name":"\uc721\uc218","original":"\ucf69\ub098\ubb3c \uc0b6\uc740\uad6d\ubb3c"},{"ingredient_name":"\ub179\ub9d0","original":"\ucc39\uc300\uac00\ub8e8\ub610\ub294 \ub179\ub9d0\uac00\ub8e8"},{"ingredient_name":"\ubd81\uc5b4","original":"\ubd81\uc5b4"},{"ingredient_name":"\ubb34","original":"\ubb34 4cm \uc9dc\ub9ac"},{"ingredient_name":"\uc721\uc218","original":"\uba78\uce58\ub2e4\uc2dc\ub9c8 \uc721\uc218"},{"ingredient_name":"\uac04\uc7a5","original":"\uad6d \uac04\uc7a5"},{"ingredient_name":"\uc804\ubcf5","original":"\uc804\ubcf5 \uc791\uc740\uac83"},{"ingredient_name":"\uc300","original":"\ubd88\ub9b0\uc300"},{"ingredient_name":"\ubb3c","original":"\ub053\ub294\ubb3c"},{"ingredient_name":"\uae40","original":"\uae40\uac00\ub8e8"},{"ingredient_name":"\uc300","original":"\ubd88\ub9b0 \uc300"},{"ingredient_name":"\uacac\uacfc\ub958","original":"\uc7a3"},{"ingredient_name":"\uc0c8\uc6b0","original":"\uc911\ud558"},{"ingredient_name":"\ub099\uc9c0","original":"\ub099\uc9c0"},{"ingredient_name":"\uc870\uac1c","original":"\ubaa8\uc2dc\uc870\uac1c"},{"ingredient_name":"\ubc14\uc9c0\ub77d","original":"\ubc14\uc9c0\ub77d"},{"ingredient_name":"\ubbf8\ub354\ub355","original":"\ubbf8\ub354\ub355"},{"ingredient_name":"\uc624\uc9d5\uc5b4","original":"\uc624\uc9d5\uc5b4"},{"ingredient_name":"\ubbf8\ub098\ub9ac","original":"\ubbf8\ub098\ub9ac"},{"ingredient_name":"\ub179\ub9d0","original":"\ub179\ub9d0\ubb3c"},{"ingredient_name":"\uac04\uc7a5","original":"\uc5b4\uac04\uc7a5"},{"ingredient_name":"\ubb3c\uc5ff","original":"\uc694\ub9ac\ub2f9"},{"ingredient_name":"\uc0dd\uac15","original":"\uc0dd\uac15\uac00\ub8e8"},{"ingredient_name":"\ubb34","original":"\uc54c\ud0c0\ub9ac\ubb34"},{"ingredient_name":"\ub300\ud30c","original":"\ucabd\ud30c"},{"ingredient_name":"\uc18c\uae08","original":"\uad75\uc740\uc18c\uae08"},{"ingredient_name":"\uac00\ub8e8","original":"\ucc39\uc300\uac00\ub8e8"},{"ingredient_name":"\uc591\ud30c","original":"\uac08\uc740 \uc591\ud30c"},{"ingredient_name":"\ub179\ub9d0","original":"\ub179\ub9d0\uac00\ub8e8"},{"ingredient_name":"\uae40\uce58","original":"\uae40\uce58 \uc36c \uac83"},{"ingredient_name":"\ub450\ubd80","original":"\ub450\ubd80"},{"ingredient_name":"\ub300\ud30c","original":"\uc1a1\uc1a1 \uc36c \ub300\ud30c"},{"ingredient_name":"\uc2dd\uc6a9\uc720","original":"\uc2dd\uc6a9\uc720"},{"ingredient_name":"\ubb34","original":"\uc2dc\ud310 \uc308\ubb34"},{"ingredient_name":"\ubb34","original":"\ubb34\uc21c"},{"ingredient_name":"\ub9db\uc0b4","original":"\uac8c\ub9db\uc0b4"},{"ingredient_name":"\uc2dd\ucd08","original":"\uc2dd\ucd08"},{"ingredient_name":"\ub808\ubaac","original":"\ub808\ubaac\uc999"},{"ingredient_name":"\ubb3c\uc5ff","original":"\uafc0 or \ubb3c\uc5ff"},{"ingredient_name":"\uaca8\uc790","original":"\uc5f0\uaca8\uc790"},{"ingredient_name":"\uc6b0\uc720","original":"\uc6b0\uc720"},{"ingredient_name":"\ub3fc\uc9c0\uace0\uae30","original":"\ub3fc\uc9c0\uace0\uae30 \ub2e4\uc9d0\uc721"},{"ingredient_name":"\uace0\ucd94","original":"\ud48b\uace0\ucd94"},{"ingredient_name":"\uc721\uc218","original":"\uba78\uce58\uc721\uc218"},{"ingredient_name":"\ud6c4\ucd94","original":"\ud6c4\ucd94"},{"ingredient_name":"\uc0dd\uac15","original":"\uc0dd\uac15\uc999"},{"ingredient_name":"\ub450\ubc18\uc7a5","original":"\ub450\ubc18\uc7a5"},{"ingredient_name":"\ud574\ud30c\ub9ac","original":"\ud574\ud30c\ub9ac"},{"ingredient_name":"\uc624\uc774","original":"\uc624\uc774"},{"ingredient_name":"\ub9db\uc0b4","original":"\ub9db\uc0b4"},{"ingredient_name":"\ubc30","original":"\ubc30"},{"ingredient_name":"\ub3fc\uc9c0\uace0\uae30","original":"\ub3fc\uc9c0\uace0\uae30"},{"ingredient_name":"\ubc84\uc12f","original":"\ud33d\uc774\ubc84\uc12f"},{"ingredient_name":"\ub300\ud30c","original":"\ucabd\ud30c\ub098 \ub300\ud30c"},{"ingredient_name":"\ud30c","original":"\ub2e4\uc9c4 \ud30c"},{"ingredient_name":"\uc0dd\uac15","original":"\uc0dd\uac15\uc999\uc774\ub098 \uac00\ub8e8"},{"ingredient_name":"\uad74\uc18c\uc2a4","original":"\uad74 \uc18c\uc2a4"},{"ingredient_name":"\uc18c\uace0\uae30","original":"\uc1e0\uace0\uae30\uc0e4\ube0c\uc0e4\ube0c\uc6a9"},{"ingredient_name":"\ubc84\uc12f","original":"\ub290\ud0c0\ub9ac\ubc84\uc12f"},{"ingredient_name":"\ubc30\ucd94","original":"\ubc30\ucd94"},{"ingredient_name":"\uccad\uacbd\ucc44","original":"\uccad\uacbd\ucc44"},{"ingredient_name":"\ube0c\ub85c\ucf5c\ub9ac","original":"\ube0c\ub85c\ucf5c\ub9ac"},{"ingredient_name":"\uba74","original":"\uce7c\uad6d\uc218\uba74"},{"ingredient_name":"\ubc25","original":"\ubc25"},{"ingredient_name":"\ub2f9\uadfc","original":"\ub2e4\uc9c4\ub2f9\uadfc"},{"ingredient_name":"\ub300\ud30c","original":"\uc2e4\ud30c or \ub300\ud30c"},{"ingredient_name":"\uc721\uc218","original":"\uad6d\ubb3c\uc6a9 \uba78\uce58"},{"ingredient_name":"\uc0c8\uc6b0","original":"\uad6d\ubb3c\uc6a9 \uc0c8\uc6b0"},{"ingredient_name":"\ub2e4\uc2dc\ub9c8","original":"\ub2e4\uc2dc\ub9c8 \uc0ac\ubc29 1010cm \uc9dc\ub9ac"},{"ingredient_name":"\uc561\uc813","original":"\ucc38\uce58\uc561"},{"ingredient_name":"\uc721\uc218","original":"\uc721\uc218"},{"ingredient_name":"\uc591\ud30c","original":"\ub2e4\uc9c4 \uc591\ud30c"},{"ingredient_name":"\uae68","original":"\ucc38\uae68"},{"ingredient_name":"\uacac\uacfc\ub958","original":"\ub545\ucf69\ubc84\ud130"},{"ingredient_name":"\uac10\uc790","original":"\uac10\uc790"},{"ingredient_name":"\ubc84\uc12f","original":"\uac74\ud45c\uace0\ubc84\uc12f"},{"ingredient_name":"\ud30c\ud504\ub9ac\uce74","original":"\uc9dc\ud22c\ub9ac\uc0c9\uc0c9 \ud30c\ud504\ub9ac\uce74"},{"ingredient_name":"\ub9c8\ub298","original":"\ub9c8\ub298\ub2e4\uc9c0\uae30"},{"ingredient_name":"\uc124\ud0d5","original":"\ud669\uc124\ud0d5"},{"ingredient_name":"\uc18c\uace0\uae30","original":"\uc1e0\uace0\uae30 \uc7a5\uc870\ub9bc\uc6a9 \ud64d\ub450\uae68\uc0b4600g"},{"ingredient_name":"\uace0\ucd94","original":"\uccad\uc591\uace0\ucd94\ub098 \ub9c8\ub978 \uace0\ucd94"},{"ingredient_name":"\uace0\ucd94","original":"\ub9c8\ub978\uace0\ucd94"},{"ingredient_name":"\uc624\ub9ac","original":"\uc624\ub9ac"},{"ingredient_name":"\ub5a1","original":"\ub5a1\ubcf6\uc774\ub5a1"},{"ingredient_name":"\uc5b4\ubb35","original":"\uc0ac\uac01\uc5b4\ubb35"},{"ingredient_name":"\uc591\ud30c","original":"\uc591\ud30c\uc911"},{"ingredient_name":"\uc561\uc813","original":"\ucc38\uce58 \uc561"},{"ingredient_name":"\uce74\ub808","original":"\uce74\ub808\uac00\ub8e8"},{"ingredient_name":"\ucc38\uce58","original":"\ucc38\uce58\uc9c4\uad6d"},{"ingredient_name":"\uc721\uc218","original":"\ub2e4\uc2dc\ub9c8 \uc721\uc218"},{"ingredient_name":"\ud30c","original":"\uc2e4\ud30c"},{"ingredient_name":"\ub2e4\uc2dc\ub9c8","original":"\ub2e4\uc2dc\ub9c8 \uc791\uc740 \uac83"},{"ingredient_name":"\uc0c8\uc6b0","original":"\uc0c8\uc6b0"},{"ingredient_name":"\uc591\ud30c","original":"\uc591\ud30c \uc911"},{"ingredient_name":"\ub808\ubaac","original":"\ub808\ubaac"},{"ingredient_name":"\uc18c\uace0\uae30","original":"\uc6b0\ub454\uc0b4"},{"ingredient_name":"\ucc44\uc18c","original":"\uc0c8\uc2f9"},{"ingredient_name":"\uc0c1\ucd94","original":"\uc308\uc57c\ucc44"},{"ingredient_name":"\ubc25","original":"\uc300\ubc25"},{"ingredient_name":"\uace0\ucd94\uc7a5","original":"\uace0\ucd94\uc7a5 \uc721\ud68c \uc591\ub150\uc7a5"},{"ingredient_name":"\uc18c\uae08","original":"\uae68\uc18c\uae08"},{"ingredient_name":"\ub3fc\uc9c0\uace0\uae30","original":"\ub3fc\uc9c0\uace0\uae30 \uc218\uc721\uaebc\ub9ac\uc55e\ub2e4\ub9ac\uc0b4"},{"ingredient_name":"\ucee4\ud53c","original":"\ucee4\ud53c"},{"ingredient_name":"\uc220","original":"\uc220"},{"ingredient_name":"\ub2ed","original":"\ubcf6\uc74c\uc6a9 \ub2ed"},{"ingredient_name":"\ub2ed","original":"\ub2ed\ubd09"},{"ingredient_name":"\uac10\uc790","original":"\uac10\uc790 \uc911"},{"ingredient_name":"\uc591\ud30c","original":"\uc591\ud30c \ub300"},{"ingredient_name":"\uace0\ucd94","original":"\uace0\ucd94"},{"ingredient_name":"\uc2dd\uc6a9\uc720","original":"\uc624\uc77c"},{"ingredient_name":"\uac04\uc7a5","original":"\ub9db\uac04\uc7a5"},{"ingredient_name":"\ub9e4\uc2e4","original":"\ub9e4\uc2e4\uccad"},{"ingredient_name":"\ub2e4\uc2dc\ub9c8","original":"\ub2e4\uc2dc\ub9c8"},{"ingredient_name":"\uacc4\ub780","original":"\uacc4\ub780"},{"ingredient_name":"\uae40","original":"\uae40"},{"ingredient_name":"\uc18c\uc8fc","original":"\ubbf8\ub9bc"},{"ingredient_name":"\ub2f9\uba74","original":"\ub2f9\uba74"},{"ingredient_name":"\ubc84\uc12f","original":"\uc0c8\uc1a1\uc774\ubc84\uc12f"},{"ingredient_name":"\ub3fc\uc9c0\uace0\uae30","original":"\ub3fc\uc9c0\uace0\uae30\ubcf6\uc744\uc6a9\ub3c4\uc2dd\uc6a9\uc720"},{"ingredient_name":"\ub3fc\uc9c0\uace0\uae30","original":"\ub3fc\uc9c0\uace0\uae30 \uac04 \uac83"},{"ingredient_name":"\uae40\uce58","original":"\ub2e4\uc9c4\uae40\uce58"},{"ingredient_name":"\ub300\ud30c","original":"\ub300\ud30c \ub2e4\uc9c4 \uac83"},{"ingredient_name":"\ub9cc\ub450\ud53c","original":"\ub9cc\ub450\ud53c"},{"ingredient_name":"\ubb34","original":"\ubb34"},{"ingredient_name":"\ud30c","original":"\ud30c"},{"ingredient_name":"\ub2ed","original":"\ub2ed\ub0a0\uac1c \ub610\ub294 \ub2ed\ubd09"},{"ingredient_name":"\uacac\uacfc\ub958","original":"\ub545\ucf69\uac00\ub8e8"},{"ingredient_name":"\ub9c8\ub298","original":"\ub2e4\uc9c4\ub9c8\ub298or\ub9c8\ub298\uac00\ub8e8"},{"ingredient_name":"\uace0\ucd94","original":"\ub9c8\ub978 \ud64d\uace0\ucd94"},{"ingredient_name":"\uac00\ub8e8","original":"\uc300\uac00\ub8e8"},{"ingredient_name":"\ucf54\ub2e4\ub9ac","original":"\ucf54\ub2e4\ub9ac \ud55c\ucf54"},{"ingredient_name":"\uc0c8\uc6b0\uac00\ub8e8","original":"\uc0c8\uc6b0\uac00\ub8e8"},{"ingredient_name":"\uc721\uc218","original":"\ub2e4\uc2dc\ubb3c"},{"ingredient_name":"\ub3fc\uc9c0\uace0\uae30","original":"\ub3fc\uc9c0\uace0\uae30 \ucc0c\uac1c\uc6a9or \ubaa9\uc0b4"},{"ingredient_name":"\uae40\uce58","original":"\uc2e0\uae40\uce58"},{"ingredient_name":"\uae40\uce58","original":"\uae40\uce6b\uad6d\ubb3c"},{"ingredient_name":"\uace0\ucd94","original":"\uccad\uace0\ucd94"},{"ingredient_name":"\ub514\ud3ec\ub9ac","original":"\ub514\ud3ec\ub9ac"},{"ingredient_name":"\uac8c","original":"\uc0b4\uc544\uc788\ub294 \uc554\ucf00"},{"ingredient_name":"\uac04\uc7a5","original":"\uc591\uc870\uac04\uc7a5"},{"ingredient_name":"\ub9e4\uc2e4","original":"\ub9e4\uc2e4\uc561\uae30\uc2a4"},{"ingredient_name":"\uc0ac\uacfc","original":"\uc0ac\uacfc"},{"ingredient_name":"\ub300\ud30c","original":"\ub300\ud30c\ud770\ubd80\ubd84"},{"ingredient_name":"\ubc84\uc12f","original":"\ud45c\uace0\ubc84\uc12f"},{"ingredient_name":"\uc0dd\uac15","original":"\ub2e4\uc9c4\uc0dd\uac15"},{"ingredient_name":"\ubc30","original":"\ubc30\uc999"},{"ingredient_name":"\uc721\uc218","original":"\uba78\uce58\ub2e4\uc2ef\ubb3c"},{"ingredient_name":"\ub2ed","original":"\ub2ed"},{"ingredient_name":"\ub2e4\uc2dc\ub9c8","original":"\ub2e4\uc2dc\ub9c8\ubb3c"},{"ingredient_name":"\uad74\uc18c\uc2a4","original":"\ub9e4\uc6b4\uad74\uc18c\uc2a4"},{"ingredient_name":"\uc18c\uace0\uae30","original":"\uc1e0\uace0\uae30\ub4f1\uc2ec\uad6d\uac70\ub9ac\uc6a9"},{"ingredient_name":"\ubc84\uc12f","original":"\uc591\uc1a1\uc774\ubc84\uc12f"},{"ingredient_name":"\uccad\uad6d\uc7a5","original":"\uccad\uad6d\uc7a5"},{"ingredient_name":"\uc591\ud30c","original":"\uc7a5\uc544\ucc0c\uc6a9 \uc591\ud30c"},{"ingredient_name":"\ubb3c","original":"\uc0dd\uc218"},{"ingredient_name":"\ucf54\ub2e4\ub9ac","original":"\ucf54\ub2e4\ub9ac"},{"ingredient_name":"\ub300\ud30c","original":"\uc5b4\uc2b7 \uc36c \ub300\ud30c"},{"ingredient_name":"\ucf54\ub2e4\ub9ac","original":"\ucf54\ub2e4\ub9ac \ub300\uac00\ub9ac"},{"ingredient_name":"\ub9c8\ub298","original":"\ud1b5\ub9c8\ub298"},{"ingredient_name":"\ubb3c\uc5ff","original":"\uc62c\ub9ac\uace0\ub2f9"},{"ingredient_name":"\uc721\uc218","original":"\uc721\uc218\ubb3c"},{"ingredient_name":"\uac10\uc790","original":"\uac10\uc790 \uc911\uac04 \uc0ac\uc774\uc988"},{"ingredient_name":"\uc721\uc218","original":"\ub2e4\uc2dc\ub9c8\uc721\uc218"},{"ingredient_name":"\uc18c\uae08","original":"\ucc9c\uc77c\uc5fc"},{"ingredient_name":"\uc624\uc774","original":"\uc624\uc774\uc9c0"},{"ingredient_name":"\uc591\ud30c","original":"\uc591\ud30c\uc911\uac04\ud06c\uae30"},{"ingredient_name":"\uc18c\uae08","original":"\uad6c\uc6b4 \uc18c\uae08"},{"ingredient_name":"\uc124\ud0d5","original":"\uc124\ud0d5\uc774\ub098 \uc544\uac00\ubca0\uc2dc\ub7fd"},{"ingredient_name":"\ud6c4\ucd94","original":"\ud770\ud6c4\ucda7\uac00\ub8e8"},{"ingredient_name":"\uc18c\uace0\uae30","original":"\uc1e0\uace0\uae30 \ub2e4\uc9c4 \uac83"},{"ingredient_name":"\uc721\uc218","original":"\ubb3c\uc774\ub098 \uc721\uc218"},{"ingredient_name":"\uc544\uad6c","original":"\uc544\uad6c"},{"ingredient_name":"\uc721\uc218","original":"\uba78\uce58\uc721\uc218 or \ubb3c"},{"ingredient_name":"\uc625\uc218\uc218","original":"\uc625\uc218\uc218\ucf58"},{"ingredient_name":"\ud30c\ud504\ub9ac\uce74","original":"\ube68\uac04\ud30c\ud504\ub9ac\uce74"},{"ingredient_name":"\ub9c8\uc694\ub124\uc988","original":"\ub9c8\uc694\ub124\uc988"},{"ingredient_name":"\uba38\uc2a4\ud0c0\ub4dc","original":"\uba38\uc2a4\ud0c0\ub4dc"},{"ingredient_name":"\ud30c\uc2ac\ub9ac","original":"\ud30c\uc2ac\ub9ac\uac00\ub8e8"},{"ingredient_name":"\ubc84\ud130","original":"\ubc84\ud130"},{"ingredient_name":"\uc62c\ub9ac\ube0c\uc720","original":"\uc62c\ub9ac\ube0c \uc624\uc77c"},{"ingredient_name":"\ub2f9\uadfc","original":"\ub2e4\uc9c4 \ub2f9\uadfc"},{"ingredient_name":"\ud1a0\ub9c8\ud1a0","original":"\ub2e4\uc774\uc2a4\ub4dc \ud1a0\ub9c8\ud1a0"},{"ingredient_name":"\ubc14\uc9c8","original":"\ubc14\uc9c8\uac00\ub8e8"},{"ingredient_name":"\ubc14\uc9c8","original":"\ubc14\uc9c8\ud398\uc2a4\ud1a0"},{"ingredient_name":"\uc640\uc778","original":"\ub808\ub4dc\uc640\uc778"},{"ingredient_name":"\ucf00\ucca9","original":"\ucf00\ucce1"},{"ingredient_name":"\uad74\uc18c\uc2a4","original":"\uc6b0\uc2a4\ud130\uc18c\uc2a4"},{"ingredient_name":"\uba74","original":"\ud30c\uc2a4\ud0c0"},{"ingredient_name":"\uce58\uc988","original":"\ud30c\ub9c8\uc0b0\uce58\uc988"},{"ingredient_name":"\uac8c","original":"\uaf43\uac8c"},{"ingredient_name":"\uc561\uc813","original":"\uc561\uc813"},{"ingredient_name":"\ud6c4\ucd94","original":"\uc0b0\ucd08\uac00\ub8e8"},{"ingredient_name":"\uba85\ud0dc","original":"\uba85\ud0dc \uaecd\uc9c8"},{"ingredient_name":"\uc2dd\uc6a9\uc720","original":"\uce74\ub180\ub77c\uc720"},{"ingredient_name":"\ub9c8\ub298","original":"\ub9c8\ub298\uac00\ub8e8"},{"ingredient_name":"\uae40\uce58","original":"\ubc30\ucd94\uae40\uce58"},{"ingredient_name":"\ub3fc\uc9c0\uace0\uae30","original":"\ub3fc\uc9c0\uace0\uae30 \ubaa9\uc0b4"},{"ingredient_name":"\ub5a1","original":"\ub5a1\uad6d\ub5a1"},{"ingredient_name":"\uc721\uc218","original":"\uba78\uce58\uad6d\ubb3c"},{"ingredient_name":"\uc2dd\uc6a9\uc720","original":"\ub4e4\uae30\ub984\uc2dd\uc6a9\uc720"},{"ingredient_name":"\uc721\uc218","original":"\uc18c\uace0\uae30 \uad6d\ubb3c"},{"ingredient_name":"\uc18c\uace0\uae30","original":"\uc591\uc9c0\uba38\ub9ac"},{"ingredient_name":"\ub354\ub355","original":"\ub354\ub355"},{"ingredient_name":"\uc18c\uae08","original":"\uad75\uc740 \ucc9c\uc77c\uc5fc"},{"ingredient_name":"\uae40\uce58","original":"\uae40\uce58"},{"ingredient_name":"\ub2ed","original":"\ub2ed\ubcf6\uc74c\uc6a9"},{"ingredient_name":"\uc2dd\ube75","original":"\uc2dd\ube75"},{"ingredient_name":"\ubca0\uc774\ucee8","original":"\ubca0\uc774\ucee8"},{"ingredient_name":"\uce58\uc988","original":"\uc2ac\ub77c\uc774\uc2a4\uce58\uc988"},{"ingredient_name":"\uc7bc","original":"\ub538\uae30\uc7bc"},{"ingredient_name":"\ud30c\uc2ac\ub9ac","original":"\ud30c\uc2ac\ub9ac"},{"ingredient_name":"\ub3fc\uc9c0\uace0\uae30","original":"\ub3fc\uc9c0\uace0\uae30 \ub4f1\uc2ec\ub450\uaed8 \uc774\uc13c\ud2f0 \uc815\ub3c4"},{"ingredient_name":"\uac00\uc9c0","original":"\uac00\uc9c0"},{"ingredient_name":"\ud638\ubc15","original":"\ud638\ubc15"},{"ingredient_name":"\ud1a0\ub9c8\ud1a0","original":"\ubc29\uc6b8\ud1a0\ub9c8\ud1a0"},{"ingredient_name":"\uc640\uc778","original":"\ud654\uc774\ud2b8\uc640\uc778"},{"ingredient_name":"\uc2a4\ud14c\uc774\ud06c\uc18c\uc2a4","original":"\uc2a4\ud14c\uc774\ud06c\uc18c\uc2a4"},{"ingredient_name":"\ucee4\ud53c","original":"\uc778\uc2a4\ud134\ud2b8\ucee4\ud53c"},{"ingredient_name":"\uc62c\ub9ac\ube0c\uc720","original":"\uc62c\ub9ac\ube0c \uc720"},{"ingredient_name":"\ud0a4\uc704","original":"\uace8\ub4dc\ud0a4\uc704"},{"ingredient_name":"\uc5bc\uc74c","original":"\uc5bc\uc74c"},{"ingredient_name":"\ub3fc\uc9c0\uace0\uae30","original":"\ub2e4\uc9c4 \ub3fc\uc9c0\uace0\uae30"},{"ingredient_name":"\uc2dd\uc6a9\uc720","original":"\uae30\ub984"},{"ingredient_name":"\uc300","original":"\uc300"},{"ingredient_name":"\uc18c\uace0\uae30","original":"\uc18c\uace0\uae30\ub2e4\uc9d0\uc721"},{"ingredient_name":"\ub3c4\ub77c\uc9c0","original":"\ub3c4\ub77c\uc9c0"},{"ingredient_name":"\uace0\uc0ac\ub9ac","original":"\uace0\uc0ac\ub9ac"},{"ingredient_name":"\ubb35","original":"\uccad\ud3ec\ubb35"},{"ingredient_name":"\ud584","original":"\ud584\ub9ac\ucc54"},{"ingredient_name":"\ucc38\uae30\ub984","original":"\ub4e4\uae30\ub984"},{"ingredient_name":"\uae68","original":"\uae68"},{"ingredient_name":"\ub300\ud30c","original":"\ub2e4\uc9c4 \ub300\ud30c"},{"ingredient_name":"\ub4f1\uac08\ube44","original":"\ub4f1\uac08\ube44"},{"ingredient_name":"\ub5a1","original":"\ub5a1"},{"ingredient_name":"\ub9c8\ub298","original":"\ub2e4\uc9c4\ub9c8\ub298 \ub9e4\uc2e4\uc561"},{"ingredient_name":"\uc2dd\uc6a9\uc720","original":"\ud3ec\ub3c4\uc528\uc720"},{"ingredient_name":"\uc18c\uace0\uae30","original":"\uc7a1\ucc44\uc6a9 \uc18c\uace0\uae30"},{"ingredient_name":"\ubc84\uc12f","original":"\ubaa9\uc774\ubc84\uc12f"},{"ingredient_name":"\ud30c\ud504\ub9ac\uce74","original":"\ud53c\ub9dd"},{"ingredient_name":"\ub3fc\uc9c0\uace0\uae30","original":"\ub3fc\uc9c0\uace0\uae30 \uc548\uc2ec"},{"ingredient_name":"\ub9db\uc0b4","original":"\uac8c\ub9db\uc0b4\uc9e7\uc740\uac83"},{"ingredient_name":"\uc18c\uae08","original":"\uc2dc\uc988\ub2dd \uc194\ud2b8\ud5c8\ube0c\uc194\ud2b8"},{"ingredient_name":"\uce58\uc988","original":"\uc2ac\ub77c\uc774\uc2a4 \uce58\uc988"},{"ingredient_name":"\ubc14\uc9c8","original":"\uac74\ubc14\uc9c8"},{"ingredient_name":"\ud30c\ud504\ub9ac\uce74","original":"\ube68\uac04 \ud30c\ud504\ub9ac\uce74"},{"ingredient_name":"\ud30c\ud504\ub9ac\uce74","original":"\ub178\ub780 \ud30c\ud504\ub9ac\uce74"},{"ingredient_name":"\uace0\uad6c\ub9c8\uc21c","original":"\uc190\uc9c8\ub41c \uace0\uad6c\ub9c8\uc21c \uc904\uae30"},{"ingredient_name":"\ub2e4\uc2dc\ub9c8","original":"\ub2e4\uc2dc\ub9c8 \ubb3c"},{"ingredient_name":"\uc124\ud0d5","original":"\uc124\ud0d5 \uc0dd\ub7b5\uac00\ub2a5"},{"ingredient_name":"\uba54\ucd94\ub9ac\uc54c","original":"\uba54\ucd94\ub9ac\uc54c"},{"ingredient_name":"\ubc84\uc12f","original":"\ubbf8\ub2c8 \uc0c8\uc1a1\uc774 \ubc84\uc12f"},{"ingredient_name":"\uc0c1\ucd94","original":"\uc591\uc0c1\ucd94"},{"ingredient_name":"\ud53c\ud074","original":"\uc624\uc774\ud53c\ud074"},{"ingredient_name":"\uc18c\uace0\uae30","original":"\uc1e0\uace0\uae30"},{"ingredient_name":"\ud6c4\ucd94","original":"\ud6c4\ucd94\uc57d\uac04"},{"ingredient_name":"\uac10\uc790","original":"\uac10\uc790 \uc911\uac04\ud06c\uae30"},{"ingredient_name":"\uc0dd\uac15","original":"\uc0dd\uac15\uc220"},{"ingredient_name":"\ub2f9\uba74","original":"\uc7a1\ucc44"},{"ingredient_name":"\uc2dc\uae08\uce58","original":"\uc2dc\uae08\uce58"},{"ingredient_name":"\ubc84\uc12f","original":"\ubc84\uc12f"},{"ingredient_name":"\ub300\ud30c","original":"\ub2e4\uc9c4\ub300\ud30c"},{"ingredient_name":"\uace0\ucd94","original":"\ub2e4\uc9c4\uccad\uc591\uace0\ucd94"},{"ingredient_name":"\uace0\ucd94","original":"\ub2e4\uc9c4\ud64d\uace0\ucd94"},{"ingredient_name":"\ud669\ud0dc","original":"\ud669\ud0dc\uba38\ub9ac"},{"ingredient_name":"\uba78\uce58","original":"\ub2e4\uc2dc\uba78\uce58"},{"ingredient_name":"\ub2e4\uc2dc\ub9c8","original":"\uac74\ub2e4\uc2dc\ub9c810x10"},{"ingredient_name":"\uc0c8\uc6b0","original":"\uac74\uc0c8\uc6b0"},{"ingredient_name":"\uc561\uc813","original":"\uc0c8\uc6b0\uc813\uad6d\ubb3c"},{"ingredient_name":"\ub2ed\uac00\uc2b4\uc0b4","original":"\ub2ed\uac00\uc2b4\uc0b4"},{"ingredient_name":"\ud30c\ud504\ub9ac\uce74","original":"\ud30c\ud504\ub9ac\uce74"},{"ingredient_name":"\uba38\uc2a4\ud0c0\ub4dc","original":"\ud640\uadf8\ub808\uc778\uba38\uc2a4\ud0c0\ub4dc or\uc528\uaca8\uc790"},{"ingredient_name":"\uce74\ub77c\uba5c\uc18c\uc2a4","original":"\uce74\ub77c\uba5c\uc18c\uc2a4\uc120\ud0dd"},{"ingredient_name":"\uc0dd\uac15","original":"\uc0dd\uac15 \uc0b6\uc744 \ubb3c"},{"ingredient_name":"\ubc84\uc12f","original":"\uc560\ub290\ud0c0\ub9ac\ubc84\uc12f"},{"ingredient_name":"\ub179\ub9d0","original":"\ubb3c\ub179\ub9d0"},{"ingredient_name":"\ub3fc\uc9c0\uace0\uae30","original":"\ub3fc\uc9c0\uace0\uae30 \ubcf4\uc308\uc6a9"},{"ingredient_name":"\uc6d4\uacc4\uc218","original":"\uc6d4\uacc4\uc218\uc78e \uc791\uc740\uac83"},{"ingredient_name":"\ub9c8\ub298","original":"\ub9c8\ub298 \ud070\uac83"},{"ingredient_name":"\uc591\ud30c","original":"\uc591\ud30c \uc911\uac04\ud06c\uae30"},{"ingredient_name":"\uba78\uce58","original":"\uad6d\uba78\uce58"},{"ingredient_name":"\ub3d9\ud0dc","original":"\ub3d9\ud0dc\u4e2d"},{"ingredient_name":"\ubb34","original":"\ubb34 \u5c0f"},{"ingredient_name":"\ub300\ud30c","original":"\ub300\ud30c \u5c0f"},{"ingredient_name":"\ub2e4\uc2dc\ub9c8","original":"\ub2e4\uc2dc\ub9c8 \uc0ac\ubc29 5\uc13c\uce58"},{"ingredient_name":"\uac00\ub8e8","original":"\ubc00\uac00\ub8e8 \uacc4\ub7c9\ucef5"},{"ingredient_name":"\uac04\uc7a5","original":"\uc9d1\uac04\uc7a5"},{"ingredient_name":"\uae40\uce58","original":"\ud3ec\uae30\uae40\uce58"},{"ingredient_name":"\ucc38\uce58","original":"\ud1b5\uc870\ub9bc\ucc38\uce58"},{"ingredient_name":"\uace0\ucd94","original":"\ub9e4\uc6b4\uace0\ucd94\uc0dd\ub7b5\uac00\ub2a5"},{"ingredient_name":"\uace0\uad6c\ub9c8","original":"\uace0\uad6c\ub9c8"},{"ingredient_name":"\uc18c\uace0\uae30","original":"\uc18c\uac08\ube44"},{"ingredient_name":"\uc740\ud589","original":"\uc740\ud589"},{"ingredient_name":"\ubb34","original":"\ubb34\uc6b0"},{"ingredient_name":"\ub300\ucd94","original":"\ub300\ucd94"},{"ingredient_name":"\uc560\ud638\ubc15","original":"\uc560\ud638\ubc15 \ub3cc\ub824\uae4d\uae30"},{"ingredient_name":"\ubc84\uc12f","original":"\ud45c\uace0\ubc84\uc12f 2\uac1c"},{"ingredient_name":"\uae68","original":"\uac80\uc740\uae68"},{"ingredient_name":"\uc5b4\ubb35","original":"\uc5b4\ubb35"},{"ingredient_name":"\uc591\ubc30\ucd94","original":"\uc591\ubc30\ucd94"},{"ingredient_name":"\uc801\ub450","original":"\uc801\ub450"},{"ingredient_name":"\uc300","original":"\uba65\uc300"},{"ingredient_name":"\ub2e8\ud638\ubc15","original":"\ub2e8\ud638\ubc15"},{"ingredient_name":"\ubd88\uace0\uae30","original":"\ubd88\uace0\uae30"},{"ingredient_name":"\uce58\uc988","original":"\ubaa8\uc9dc\ub810\ub77c\uce58\uc988"},{"ingredient_name":"\ucf00\ucca9","original":"\ucf00\ucca9"},{"ingredient_name":"\uba74","original":"\uc2a4\ud30c\uac8c\ud2f0\uba74"},{"ingredient_name":"\ubca0\uc774\ucee8","original":"\ubca0\uc774\ucee8 \uc5c4\uc9c0\uac80\uc9c0\ud3bc\uce5c\uae38\uc774"},{"ingredient_name":"\uce58\uc988","original":"\uadf8\ub77c\ub098\ud30c\ub2e4\ub178\uce58\uc988"},{"ingredient_name":"\uade4","original":"\uade4"},{"ingredient_name":"\ubca0\uc774\ucee8","original":"\ubca0\uc774\ucee8 \uc2dd\ube75\uae38\uc774"},{"ingredient_name":"\ud53c\ud074","original":"\uc2a4\uc704\ud2b8\ud53c\ud074"},{"ingredient_name":"\uc7bc","original":"\ub77c\uc988\ubca0\ub9ac\uc7bc"},{"ingredient_name":"\ub9e4\uc2e4","original":"\ub9e4\uc2e4\uc561"},{"ingredient_name":"\uba78\uce58","original":"\uba78\uce58\uc794\uba78\uce58 \ub610\ub294 \uc9c0\ub9ac\uba78"},{"ingredient_name":"\uacac\uacfc\ub958","original":"\uc544\ubaac\ub4dc"},{"ingredient_name":"\ubb3c\uc5ff","original":"\uc544\uac00\ubca0\uc2dc\ub7fd\ubb3c\uc5ff\uc774\ub098 \uc870\uccad"},{"ingredient_name":"\uc0dd\uac15","original":"\uc0dd\uac15\uac00\ub8e8 \ud1a1\ud1a1"},{"ingredient_name":"\uace0\ucd94","original":"\uccad\ub7c9\uace0\ucd94"},{"ingredient_name":"\ud6c4\ucd94","original":"\ud6c4\ucd94 \ud1a1\ud1a1"},{"ingredient_name":"\ud64d\ucd08","original":"\ud64d\ucd08"},{"ingredient_name":"\ub3fc\uc9c0\uace0\uae30","original":"\ub3fc\uc9c0\ub4f1\uac08\ube44"},{"ingredient_name":"\ud30c\ud504\ub9ac\uce74","original":"\ube68\uac15 \ud30c\ud504\ub9ac\uce74"},{"ingredient_name":"\ud30c\ud504\ub9ac\uce74","original":"\ub178\ub791 \ud30c\ud504\ub9ac\uce74"},{"ingredient_name":"\ubc84\uc12f","original":"\ud669\uae08\uc1a1\uc774\ubc84\uc12f"},{"ingredient_name":"\uc18c\uc8fc","original":"\uc18c\uc8fc"},{"ingredient_name":"\uc815\ud5a5","original":"\uc815\ud5a5"},{"ingredient_name":"\uafc0","original":"\uafc0"},{"ingredient_name":"\ud56b\uc18c\uc2a4","original":"\ud56b\uc18c\uc2a4"},{"ingredient_name":"\uc0dd\ud06c\ub9bc","original":"\uc0dd\ud06c\ub9bc\uc0dd\ub7b5\uac00\ub2a5"},{"ingredient_name":"\uc6b0\uc5c9","original":"\uc6b0\uc5c9"},{"ingredient_name":"\uc9c4\ubbf8\ucc44","original":"\uc9c4\ubbf8\ucc44"},{"ingredient_name":"\ud574\ud30c\ub9ac","original":"\uc5fc\uc7a5 \ud574\ud30c\ub9ac"},{"ingredient_name":"\uc624\uc774","original":"\uccad\uc624\uc774"},{"ingredient_name":"\ucc38\uce58","original":"\ucc38\uce58"},{"ingredient_name":"\uae40\uce58","original":"\uc775\uc740\ubc30\ucd94\uae40\uce58"},{"ingredient_name":"\uc721\uc218","original":"\uba78\uce58\ub2e4\uc2dc\ub9c8\uc721\uc218"},{"ingredient_name":"\ud30c\ud504\ub9ac\uce74","original":"\ube68\uac04\uc0c9 \ud30c\ud504\ub9ac\uce74"},{"ingredient_name":"\ubb3c\uc5ff","original":"\uc62c\ub9ac\uace0\ub2f9\ubb3c\uc5ff"},{"ingredient_name":"\ub2ed","original":"\ub2ed\ub2e4\ub9ac"},{"ingredient_name":"\uc591\ud30c","original":"\ub2e4\uc9c4\uc591\ud30c"},{"ingredient_name":"\ucf00\ucca9","original":"\ucf00\ucc39"},{"ingredient_name":"\ud6c4\ucd94","original":"\ud6c4\ucd94\uac00\ub8e8"},{"ingredient_name":"\ub2f9\uadfc","original":"\uc791\uc740\ub2f9\uadfc"},{"ingredient_name":"\uc624\uc774","original":"\uace0\ucd94\uc624\uc774"},{"ingredient_name":"\uac00\ub8e8","original":"\ubcf4\ub9bf\uac00\ub8e8"},{"ingredient_name":"\ub9c9\uac78\ub9ac","original":"\ub9c9\uac78\ub9ac"},{"ingredient_name":"\ubd04\ub3d9","original":"\ubd04\ub3d9"},{"ingredient_name":"\uae68","original":"\uac80\uc740\ud1b5\uae68"},{"ingredient_name":"\ubb34","original":"\uc5f4\ubb34"},{"ingredient_name":"\ubc25","original":"\ucc2c\ubc25"},{"ingredient_name":"\ub300\ud30c","original":"\ub300\ud30c\ud770\ubd80\ubd84\ub9cc"},{"ingredient_name":"\uae40","original":"\ub9c8\ub978\uae40"},{"ingredient_name":"\uba74","original":"\uc18c\uba74"},{"ingredient_name":"\uac10\uc790","original":"\ub3fc\uc9c0\uac10\uc790"},{"ingredient_name":"\uacc4\ub780","original":"\uc0b6\uc740\ub2ec\uac40"},{"ingredient_name":"\ucc38\uce58","original":"\ucc38\uce58\uce94"},{"ingredient_name":"\ubc30\ucd94","original":"\uc308\uc6a9 \ubc30\ucd94"},{"ingredient_name":"\ub3fc\uc9c0\uace0\uae30","original":"\ub3fc\uc9c0\uace0\uae30\ubaa9\uc0b4"},{"ingredient_name":"\uae40\uce58","original":"\uae40\uce58\uad6d\ubb3c"},{"ingredient_name":"\uc721\uc218","original":"\uc0ac\uace8\uad6d\ubb3c"},{"ingredient_name":"\ucc44\uc18c","original":"\uc0c8\uc2f9\ucc44\uc18c"},{"ingredient_name":"\uc0c1\ucd94","original":"\uc0c1\ucd94"},{"ingredient_name":"\uc624\ub80c\uc9c0","original":"\uc624\ub80c\uc9c0"},{"ingredient_name":"\uae68","original":"\uac80\uc740 \ud1b5\uae68"},{"ingredient_name":"\uc18c\uace0\uae30","original":"\uc1e0\uace0\uae30 \uad6d\uac70\ub9ac\uc6a9"},{"ingredient_name":"\ucc38\uae30\ub984","original":"\ucc38\uae30\ub984\uc0dd\ub7b5\uac00\ub2a5"},{"ingredient_name":"\uace0\ucd94","original":"\ub9c8\ub978\ud64d\uace0\ucd94"},{"ingredient_name":"\uacc4\ub780","original":"\ub2ec\uac40\ud770\uc790"},{"ingredient_name":"\uace0\ucd94","original":"\uace0\ucd94\uc528"},{"ingredient_name":"\ub300\ud30c","original":"\ub300\ud30c\ubfcc\ub9ac"},{"ingredient_name":"\ud669\ud0dc","original":"\ud669\ud0dc\ucc44"},{"ingredient_name":"\uc544\uc6b1","original":"\uc544\uc6b1"},{"ingredient_name":"\uc0c8\uc6b0","original":"\ub9c8\ub978\uc0c8\uc6b0"},{"ingredient_name":"\uc721\uc218","original":"\uad6d\ubb3c\uc6a9\uba78\uce58"},{"ingredient_name":"\ubb34\ub9d0\ub7ad\uc774","original":"\ubb34\ub9d0\ub7ad\uc774"},{"ingredient_name":"\ucc39\uc300","original":"\ucc39\uc300\ud480"},{"ingredient_name":"\uc0c8\uc6b0","original":"\ub0c9\ub3d9 \uc0c8\uc6b0"},{"ingredient_name":"\ub77c\uc774\uc2a4\ud398\uc774\ud37c","original":"\ub77c\uc774\uc2a4 \ud398\uc774\ud37c"},{"ingredient_name":"\uc2dd\uc6a9\uc720","original":"\ud280\uae40\uae30\ub984"},{"ingredient_name":"\uce60\ub9ac\uc18c\uc2a4","original":"\uce60\ub9ac\uc18c\uc2a4"},{"ingredient_name":"\uace0\ub4f1\uc5b4","original":"\uace0\ub4f1\uc5b4"},{"ingredient_name":"\uc18c\uace0\uae30","original":"\uc1e0\uace0\uae30 \ubd88\uace0\uae43\uac10"},{"ingredient_name":"\uace0\ucd94","original":"\ubd89\uc740\uace0\ucd94"},{"ingredient_name":"\ub2e4\uc2dc\ub9c8","original":"\ub2e4\uc2dc\ub9c8 55cm"},{"ingredient_name":"\uc124\ud0d5","original":"\ube44\uc815\uc81c \ud669\uc124\ud0d5"},{"ingredient_name":"\uac8c","original":"\ud06c\ub798\ubbf8\uac8c\uc0b4"},{"ingredient_name":"\uc18c\uae08","original":"\uace0\uc6b4 \uc18c\uae08"},{"ingredient_name":"\ubbf8\uc5ed","original":"\uac74\ubbf8\uc5ed"},{"ingredient_name":"\uc18c\uc2dc\uc9c0","original":"\uc18c\uc2dc\uc9c0"},{"ingredient_name":"\uacc4\ub780","original":"\ub2ec\uac40\uc9c0\ub2e8"},{"ingredient_name":"\ub2f9\uba74","original":"\ubd88\ub9b0\ub2f9\uba74"},{"ingredient_name":"\uc18c\uace0\uae30","original":"\ub2e4\uc9c4\uc1e0\uace0\uae30"},{"ingredient_name":"\uac00\ub8e8","original":"\ube75\uac00\ub8e8"},{"ingredient_name":"\uc625\uc218\uc218","original":"\ud1b5\uc870\ub9bc\uc625\uc218\uc218"},{"ingredient_name":"\uba74","original":"\ub77c\uba74\uc0ac\ub9ac"},{"ingredient_name":"\uc5b4\ubb35","original":"\ubaa8\ub460 \uc5b4\ubb35"},{"ingredient_name":"\ubb3c\uc5ff","original":"\uc870\uccad"},{"ingredient_name":"\ucc44\uc18c","original":"\ub0c9\uc7a5\uace0\uc18d\uc57c\ucc44"},{"ingredient_name":"\uacac\uacfc\ub958","original":"\uacac\uacfc\ub958"},{"ingredient_name":"\uae68","original":"\ub4e4\uae68\uac00\ub8e8"},{"ingredient_name":"\ud751\uc784\uc790","original":"\ud751\uc784\uc790"},{"ingredient_name":"\uc6b0\uc720","original":"\uc694\ud50c\ub808\ubb3c\uc6b0\uc720"},{"ingredient_name":"\uc721\uc218","original":"\ubb3c\uba78\uce58\uc721\uc218"},{"ingredient_name":"\ud584","original":"\ud584"},{"ingredient_name":"\ud6c4\ucd94","original":"\ubc31\ud6c4\ucd94"},{"ingredient_name":"\uba38\uc2a4\ud0c0\ub4dc","original":"\uba38\uc2a4\ud130\ub4dc \uc18c\uc2a4"},{"ingredient_name":"\uc624\uc9d5\uc5b4","original":"\uc624\uc9d5\uc5b4\ucc44"},{"ingredient_name":"\uc0dd\ud06c\ub9bc","original":"\ub3d9\ubb3c\uc131\uc0dd\ud06c\ub9bc"},{"ingredient_name":"\uacc4\ub780","original":"\ub2ec\uac40\ub178\ub978\uc790"},{"ingredient_name":"\uce58\uc988","original":"\ud30c\ub974\uba54\uc0b0 \uce58\uc988\uac00\ub8e8"},{"ingredient_name":"\ud30c\uc2ac\ub9ac","original":"\ub2e4\uc9c4 \ud30c\uc2ac\ub9ac"},{"ingredient_name":"\uc591\ud30c","original":"\uc591\ud30c\ub300"},{"ingredient_name":"\uc18c\uc2dc\uc9c0","original":"\ud504\ub791\ud06c\uc18c\uc2dc\uc9c0"},{"ingredient_name":"\uc0dd\ud06c\ub9bc","original":"\uc0dd\ud06c\ub9bc"},{"ingredient_name":"\ub2ed","original":"\ub2ed\uc0bc\uacc4\ud0d5\uc6a9"},{"ingredient_name":"\ucc39\uc300","original":"\ucc39\uc300"},{"ingredient_name":"\ud669\uae30","original":"\ud669\uae30"},{"ingredient_name":"\ubbf8\ub098\ub9ac","original":"\ub2f9\uadc0"},{"ingredient_name":"\uc2dc\ub098\ubaac","original":"\uc2dc\ub098\ubaac \uac00\ub8e8"},{"ingredient_name":"\uc0bc\uacb9\uc0b4","original":"\uc0bc\uacb9\uc0b4"},{"ingredient_name":"\uc591\ud30c","original":"\uc591\ud30c\uc18c"},{"ingredient_name":"\uc560\ud638\ubc15","original":"\uc560\ud638\ubc15"},{"ingredient_name":"\uc2dd\uc6a9\uc720","original":"\ud3ec\ub3c4\uc528\uc624\uc77c"},{"ingredient_name":"\uac10\uc790","original":"\uc54c\uac10\uc790"},{"ingredient_name":"\uac00\ub8e8","original":"\ubc15\ub825\ubc00\uac00\ub8e8"},{"ingredient_name":"\ubca0\uc774\ud0b9\ud30c\uc6b0\ub354","original":"\ubca0\uc774\ud0b9\ud30c\uc6b0\ub354"},{"ingredient_name":"\uae7b\uc78e","original":"\uae7b\uc78e"},{"ingredient_name":"\uace0\ucd94","original":"\ubd89\uc740 \uace0\ucd94"},{"ingredient_name":"\uc561\uc813","original":"\uae4c\ub098\ub9ac\uc561\uc813"},{"ingredient_name":"\ub9c8","original":"\ub9c8"},{"ingredient_name":"\ud3ec","original":"\uac00\ub2e4\ub7ad\uc774\ud3ec"},{"ingredient_name":"\uad74\uc18c\uc2a4","original":"\uc6b0\uc2a4\ud130 \uc18c\uc2a4"},{"ingredient_name":"\ub3c8\uae4c\uc2a4","original":"\ub3c8\uae4c\uc2a4 \uc18c\uc2a4"},{"ingredient_name":"\uc694\uac70\ud2b8","original":"\ub5a0\uba39\ub294 \uc694\uad6c\ub974\ud2b8"},{"ingredient_name":"\uba38\uc2a4\ud0c0\ub4dc","original":"\uba38\uc2a4\ud0c0\ub4dc\uc18c\uc2a4"},{"ingredient_name":"\uc2dd\ube75","original":"\uc0cc\ub4dc\uc704\uce58 \uc2dd\ube75"},{"ingredient_name":"\ud584","original":"\uc2ac\ub77c\uc774\uc2a4 \ud584"},{"ingredient_name":"\uc5f0\uc720","original":"\uc5f0\uc720"},{"ingredient_name":"\uba38\uc2a4\ud0c0\ub4dc","original":"\uba38\uc2a4\ud0c0\ub4dc \uc18c\uc2a4"},{"ingredient_name":"\ub3fc\uc9c0\uace0\uae30","original":"\ub3fc\uc9c0\uace0\uae30 \uc55e\ub2e4\ub9ac\uc0b4"},{"ingredient_name":"\uac04\uc7a5","original":"\uc870\uc120\uac04\uc7a5"},{"ingredient_name":"\ubc84\uc12f","original":"\ubc84\uc12f\ub290\ud0c0\ub9ac\ubc84\uc12f"},{"ingredient_name":"\uc624\uc774","original":"\uc624\uc774\ub300"},{"ingredient_name":"\ud30c","original":"\uc1a1\uc1a1\uc36c\ud30c"},{"ingredient_name":"\uac10\uc790","original":"\uac10\uc790\ub300"},{"ingredient_name":"\ub2e8\ubb34\uc9c0","original":"\ub2e8\ubb34\uc9c0"},{"ingredient_name":"\uc2dd\uc6a9\uc720","original":"\uce74\ub180\ub77c\uc774\uc720"},{"ingredient_name":"\uc18c\uace0\uae30","original":"\uac08\uc740\uc18c\uace0\uae30"},{"ingredient_name":"\uac00\ub8e8","original":"\ud56b\ucf00\uc774\ud06c\uac00\ub8e8"},{"ingredient_name":"\ud6c4\ub9ac\uac00\ucf00","original":"\ud6c4\ub9ac\uce74\ucf00"},{"ingredient_name":"\uc721\uc218","original":"\uba78\uce58\ub2e4\uc2dc\ub9c8\uc721\uc218\ub610\ub294 \ubb3c"},{"ingredient_name":"\ud30c","original":"\uc1a1\uc1a1\uc370\uc740 \ud30c"},{"ingredient_name":"\uc2dd\ucd08","original":"2\ubc30 \uc2dd\ucd08"},{"ingredient_name":"\ubbf8\uc5ed","original":"\uc5fc\uc7a5\ubbf8\uc5ed\uc904\uae30"},{"ingredient_name":"\uc18c\uae08","original":"\uc591\ub150 \uc18c\uae08"},{"ingredient_name":"\uc18c\uace0\uae30","original":"\ub2e4\uc9c4\uc18c\uace0\uae30"},{"ingredient_name":"\uc18c\uace0\uae30","original":"\uc18c\uace0\uae30"},{"ingredient_name":"\uc0c8\uc6b0\uac00\ub8e8","original":"\uac74\uc0c8\uc6b0\uac00\ub8e8"},{"ingredient_name":"\ubb34","original":"\ubb34\uc911\uac04\ud06c\uae30"},{"ingredient_name":"\ub2e4\uc2dc\ub9c8","original":"\ub9c8\ub978\ub2e4\uc2dc\ub9c8"},{"ingredient_name":"\ud584","original":"\uc2a4\ud338"},{"ingredient_name":"\uc870\ubbf8\ub8cc","original":"\ub77c\uba74\uc2a4\ud504"},{"ingredient_name":"\uba78\uce58","original":"\uc794\uba78\uce58"},{"ingredient_name":"\ucc28\ub3cc\ubc15\uc774","original":"\ucc28\ub3cc\ubc15\uc774"},{"ingredient_name":"\uba78\uce58","original":"\uba78\uce58\uac00\ub8e8"},{"ingredient_name":"\ubb34","original":"\ubb34\ub300"},{"ingredient_name":"\uc2dd\ucd08","original":"2\ubc30\uc2dd\ucd08"},{"ingredient_name":"\ub3fc\uc9c0\uace0\uae30","original":"\ub3fc\uc9c0\uace0\uae30\uc55e\ub2e4\ub9ac\uc0b4"},{"ingredient_name":"\uc2dd\uc6a9\uc720","original":"\uc2dd\uc6a9\ub958"},{"ingredient_name":"\uac04\uc7a5","original":"\uc870\ub9bc\uac04\uc7a5"},{"ingredient_name":"\uc591\ud30c","original":"\uc591\ud30c\uc999"},{"ingredient_name":"\ucf69","original":"\uac80\uc740\ucf69"},{"ingredient_name":"\uce58\uc988","original":"\uce58\uc988"},{"ingredient_name":"\ub2ed","original":"\ub2ed\u5927"},{"ingredient_name":"\uc18c\uace0\uae30","original":"\uc18c\uace0\uae30\uad6d\uac70\ub9ac\uc6a9"},{"ingredient_name":"\uac10\uc790","original":"\uac10\uc790 \ud070\ud06c\uae30"},{"ingredient_name":"\uace0\ucd94","original":"\uaf48\ub9ac\uace0\ucd94"},{"ingredient_name":"\ub9e4\uc2e4","original":"\ub9e4\uc2e4\uc6d0\uc561"},{"ingredient_name":"\ub3fc\uc9c0\uace0\uae30","original":"\ub3fc\uc9c0\ub4f1\ubf08"},{"ingredient_name":"\ubc30\ucd94","original":"\ubc30\ucd94\uc6b0\uac70\uc9c0"},{"ingredient_name":"\uac8c","original":"\uaf43\uac8c\uc791\uc740 \uc0ac\uc774\uc988"},{"ingredient_name":"\ub41c\uc7a5","original":"\uc9d1\ub41c\uc7a5"},{"ingredient_name":"\ub2e8\ud638\ubc15","original":"\ub2e8\ud638\ubc15 \uc791\uc740\ud06c\uae30"},{"ingredient_name":"\ud325","original":"\ud325"},{"ingredient_name":"\uae40\uce58","original":"\ubb35\uc740\uae40\uce58"},{"ingredient_name":"\uc721\uc218","original":"\ub4f1\uac08\ube44 \uc0b6\uc740 \ubb3c"},{"ingredient_name":"\uba78\uce58","original":"\uc911\uba78\uce58"},{"ingredient_name":"\uace4\uc57d","original":"\uc2e4\uace4\uc57d"},{"ingredient_name":"\ud325","original":"\ud325\uc559\uae08"},{"ingredient_name":"\ubb3c","original":"\ub728\uac70\uc6b4\ubb3c"},{"ingredient_name":"\uac00\ub8e8","original":"\uc804\ubd84\uac00\ub8e8"},{"ingredient_name":"\ubc84\uc12f","original":"\uc560\ub290\ud0c0\ub9ac"},{"ingredient_name":"\ub300\uad6c","original":"\ub300\uad6c"},{"ingredient_name":"\uc465\uac13","original":"\uc465\uac13"},{"ingredient_name":"\uac08\uce58","original":"\uac08\uce58"},{"ingredient_name":"\uacac\uacfc\ub958","original":"\uc0dd\ub545\ucf69"},{"ingredient_name":"\uacac\uacfc\ub958","original":"\ud638\ub450"},{"ingredient_name":"\ub3fc\uc9c0\uace0\uae30","original":"\ub3fc\uc9c0\ubaa9\uc0b4"},{"ingredient_name":"\ub2e4\uc2dc\ub9c8","original":"\ub9c8\ub978\ub2e4\uc2dc\ub9c8 10x10cm"},{"ingredient_name":"\ubc84\uc12f","original":"\uc0c8\uc1a1\uc774"},{"ingredient_name":"\uc5b4\ubb35","original":"\uc624\ub385"},{"ingredient_name":"\ub300\ud30c","original":"\ub300\ud30c \ud070\uac70"},{"ingredient_name":"\ub2e4\uc2dc\ub2e4","original":"\ub2e4\uc2dc\ub2e4"},{"ingredient_name":"\uc624\uc9d5\uc5b4","original":"\uc624\uc9d5\uc5b4\uc911"},{"ingredient_name":"\uc870\uae30","original":"\uc870\uae30"},{"ingredient_name":"\uace0\ucd94","original":"\ud64d \uace0\ucd94"},{"ingredient_name":"\ud30c\ub798","original":"\ud30c\ub798"},{"ingredient_name":"\uba78\uce58\uc561\uc813","original":"\uba78\uce58\uc561\uc816"},{"ingredient_name":"\uc124\ud0d5","original":"\uc124\ud0d5\uc0dd\ub7b5\uac00\ub2a5"},{"ingredient_name":"\ub5a1","original":"\uac00\ub798\ub5a1"},{"ingredient_name":"\uc18c\uace0\uae30","original":"\uc1e0\uace0\uae30 \uc591\uc9c0\uba38\ub9ac"},{"ingredient_name":"\ud1a0\ub780","original":"\ud1a0\ub780\ub300"},{"ingredient_name":"\uc219\uc8fc\ub098\ubb3c","original":"\uc219\uc8fc"},{"ingredient_name":"\uacc4\ub780","original":"\ub2ec\uac40\ud6c4\ub77c\uc774"},{"ingredient_name":"\ud718\ud551\ud06c\ub9bc","original":"\ud718\ud551\ud06c\ub9bc"},{"ingredient_name":"\uacc4\ub780","original":"\uacc4\ub780\ub178\ub978\uc790"},{"ingredient_name":"\ub9c8\ub298","original":"\ub9c8\ub298\ucad1"},{"ingredient_name":"\uc18c\uace0\uae30","original":"\uc18c\uace0\uae30 \uad6d\uac70\ub9ac"},{"ingredient_name":"\uc2dc\ub798\uae30","original":"\uc0b6\uc740 \uc2dc\ub798\uae30"},{"ingredient_name":"\ubb34","original":"\ubb34\uc911"},{"ingredient_name":"\ud638\ubc15","original":"\ub299\uc740\ud638\ubc15"},{"ingredient_name":"\ud325","original":"\ud325\uc0dd\ub7b5\uac00\ub2a5"},{"ingredient_name":"\uac13","original":"\uac13"},{"ingredient_name":"\ubb34","original":"\ubb34 10cm\ud06c\uae30"},{"ingredient_name":"\ub300\uad6c","original":"\uc0dd\ub300\uad6c"},{"ingredient_name":"\uc2dd\ucd08","original":"2\ubc30\uc0ac\uacfc\uc2dd\ucd08"},{"ingredient_name":"\uae40","original":"\uc870\ubbf8\uae40"},{"ingredient_name":"\ub9cc\ub450","original":"\ub9cc\ub450"},{"ingredient_name":"\ud30c","original":"\uc1a1\uc1a1 \uc36c \ud30c"},{"ingredient_name":"\ud3ec","original":"\ud669\ud0dc\ud3ec"},{"ingredient_name":"\uc18c\uae08","original":"\uc18c\uae08 \uae4d\uc544\uc11c"},{"ingredient_name":"\uc218\ubc15","original":"\uc218\ubc15"},{"ingredient_name":"\uaca8\uc790","original":"\uaca8\uc790"},{"ingredient_name":"\uc721\uc218","original":"\ub0c9\uba74\uc721\uc218"},{"ingredient_name":"\uba74","original":"\uba54\ubc00\uba74"},{"ingredient_name":"\ubd88\uace0\uae30","original":"\ubd88\uace0\uae30\uc6a9 \uc18c\uace0\uae30"},{"ingredient_name":"\uc624\ub9ac","original":"\ud6c8\uc81c\uc624\ub9ac"},{"ingredient_name":"\ubb34","original":"\uc308\ubb34"},{"ingredient_name":"\uba38\uc2a4\ud0c0\ub4dc","original":"\uba38\uc2a4\ud130\ub4dc\uc18c\uc2a4"},{"ingredient_name":"\ub3fc\uc9c0\uace0\uae30","original":"\ub3fc\uc9c0\uace0\uae30 \uc0ac\ud0dc\uc0b4"},{"ingredient_name":"\ub3d9\ud0dc","original":"\ub3d9\ud0dc"},{"ingredient_name":"\ubb34","original":"\ubb34 5cm\ud06c\uae30"},{"ingredient_name":"\ub3fc\uc9c0\uace0\uae30","original":"\ub3fc\uc9c0\uace0\uae30 \ub4f1\uc2ec"},{"ingredient_name":"\uae40","original":"\ud280\uae40\uac00\ub8e8"},{"ingredient_name":"\uacac\uacfc\ub958","original":"\uce90\uc288\ub108\ud2b8"},{"ingredient_name":"\uc2dd\uc6a9\uc720","original":"\ud280\uae40\uc6a9 \uc2dd\uc6a9\uc720"},{"ingredient_name":"\uace0\ucd94","original":"\uac74\uace0\ucd94"},{"ingredient_name":"\uba78\uce58","original":"\ub2e4\uc2dc \uba78\uce58"},{"ingredient_name":"\ubb34","original":"\uc791\uc740 \ubb34"},{"ingredient_name":"\uad74","original":"\uad74"},{"ingredient_name":"\uc591\ud30c","original":"\uc591\ud30c\uc791\uc740\uac83"},{"ingredient_name":"\ubc25","original":"\ud770\uc300\ubc25"},{"ingredient_name":"\ucc38\uce58","original":"\ucc38\uce58\ud1b5\uc870\ub9bc\uc791\uc740 \uac83"},{"ingredient_name":"\uae40","original":"\uad6c\uc6b4 \uae40"},{"ingredient_name":"\ud53c\ud074","original":"\ub2e4\uc9c4 \ud53c\ud074"},{"ingredient_name":"\ud560\ub77c\ud53c\ub1e8","original":"\ub2e4\uc9c4 \ud560\ub77c\ud398\ub1e8\uc0dd\ub7b5\uac00\ub2a5"},{"ingredient_name":"\ud6c4\ub9ac\uac00\ucf00","original":"\ud6c4\ub9ac\uac00\ucf00"},{"ingredient_name":"\ub9e4\uc0dd\uc774","original":"\uba54\uc0dd\uc774"},{"ingredient_name":"\ud584","original":"\ud1b5\uc870\ub9bc\ud584 \uc791\uc740\ud06c\uae30"},{"ingredient_name":"\uc18c\uc2dc\uc9c0","original":"\ube44\uc5d4\ub098"},{"ingredient_name":"\ud638\ubc15","original":"\ud638\ubc15\uc0dd\ub7b5\uac00\ub2a5"},{"ingredient_name":"\ucf69","original":"\ub80c\uc988\ucf69\uc0dd\ub7b5\uac00\ub2a5"},{"ingredient_name":"\uace0\ucd94","original":"\uc6d4\ub0a8\uace0\ucd94"},{"ingredient_name":"\uce58\uc988","original":"\uc2ac\ub77c\uc774\ub4dc\uce58\uc988"},{"ingredient_name":"\uc5f0\uadfc","original":"\uc5f0\uadfc"},{"ingredient_name":"\ubb3c\uc5ff","original":"\ubb3c\uc5ff\uae30\ud638\uc5d0\ub9de\uac8c"},{"ingredient_name":"\ubb34","original":"\ubb344cm\uae38\uc774"},{"ingredient_name":"\uace0\ucd94","original":"\uc2dd\uc6a9\uc720\ud639\uc740 \uace0\ucd94\uae30\ub984"},{"ingredient_name":"\ub2ed","original":"\ub2ed\ub2e4\ub9ac\uc0b4"},{"ingredient_name":"\uc0dd\uac15","original":"\uc0dd\uac15\uac00\ub8e8\uc999"},{"ingredient_name":"\uc18c\uace0\uae30","original":"\uc18c\uace0\uae30 \uc7a5\uc870\ub9bc\uc6a9"},{"ingredient_name":"\uc219\uc8fc\ub098\ubb3c","original":"\uc219\uc8fc\ub098\ubb3c"},{"ingredient_name":"\uc18c\uae08","original":"\uac00\ub294\uc18c\uae08"},{"ingredient_name":"\uc219\uc8fc\ub098\ubb3c","original":"\uc219\uc8fc\ucf69\ub098\ubb3c"},{"ingredient_name":"\uae40\uce58","original":"\ubc30\ucd94\uae40\uce58\ubb35\uc740\uc9c0"},{"ingredient_name":"\ub3fc\uc9c0\uace0\uae30","original":"\ub3fc\uc9c0\uace0\uae30 \ubaa9\uc2ec"},{"ingredient_name":"\ud30c","original":"\uad75\uc740 \ud30c"},{"ingredient_name":"\uc721\uc218","original":"\uba78\uce58 \ub2e4\uc2dc\ub9c8 \uc721\uc218"},{"ingredient_name":"\ubc84\uc12f","original":"\ub9c8\ub978\ud45c\uace0\ubc84\uc12f"},{"ingredient_name":"\ub3fc\uc9c0\uace0\uae30","original":"\ub3fc\uc9c0\uace0\uae30\ub2e4\uc9d0\uc721"},{"ingredient_name":"\uc124\ud0d5","original":"\ubc31\uc124 \uc790\uc77c\ub85c\uc2a4 \uc124\ud0d5"},{"ingredient_name":"\ub300\ud30c","original":"\ub2e4\uc9c4\ucabd\ud30c"},{"ingredient_name":"\uae40","original":"\uae40\ubc25\uc6a9\uae40"},{"ingredient_name":"\uc2dc\uae08\uce58","original":"\uc2dc\uae08\uce58\ub098\ubb3c"},{"ingredient_name":"\uc5b4\ubb35","original":"\uc624\ub385\uc0ac\uac01"},{"ingredient_name":"\uc5f0\uc5b4","original":"\uc0dd \uc5f0\uc5b4"},{"ingredient_name":"\uc544\uc2a4\ud30c\ub77c\uac70\uc2a4","original":"\uc544\uc2a4\ud30c\ub77c\uac70\uc2a4"},{"ingredient_name":"\ud30c\uc778\uc560\ud50c","original":"\ub2e4\uc9c4 \ud30c\uc778\uc560\ud50c"},{"ingredient_name":"\ucf54\ub2e4\ub9ac","original":"\ucf54\ub2e4\ub9ac\uc911"},{"ingredient_name":"\uc721\uc218","original":"\ub2e4\uc2dc\ub9c8 \uba78\uce58 \uc721\uc218"},{"ingredient_name":"\uc124\ud0d5","original":"\uc124\ud0d5\ucde8\ud5a5\uaecf\uac00\uac10"},{"ingredient_name":"\uae40\uce58","original":"\uc1a1\uc1a1\uc36c \uae40\uce58"},{"ingredient_name":"\uacc4\ub780","original":"\uc0b6\uc740\uacc4\ub780"},{"ingredient_name":"\uace0\ucd94\uc7a5","original":"\uc9d1\uace0\ucd94\uc7a5"},{"ingredient_name":"\uc2dd\ucd08","original":"\uc0ac\uacfc\uc2dd\ucd08"},{"ingredient_name":"\ud638\ubc15","original":"\ub9d0\ub9b0\ud638\ubc15"},{"ingredient_name":"\ub2e4\uc2dc\ub2e4","original":"\uc1e0\uace0\uae30\ub2e4\uc2dc\ub2e4"},{"ingredient_name":"\ub2ed\uac00\uc2b4\uc0b4","original":"\ub2ed\uac00\uc2b4\uc0b4\uce94"},{"ingredient_name":"\ud0c4\uc0b0","original":"\uc0ac\uc774\ub2e4"},{"ingredient_name":"\uac10\uc790","original":"\ud1b5\uac10\uc790"},{"ingredient_name":"\uc0dd\uac15","original":"\uc0dd\uac15\uc999\ub610\ub294 \uc0dd\uac15\uac00\ub8e8"},{"ingredient_name":"\ub2ed","original":"\ub2ed\ubaa8\ub798\uc9d1"},{"ingredient_name":"\uc2dd\ube75","original":"\uc7a1\uace1\uc2dd\ube75"},{"ingredient_name":"\ucc44\uc18c","original":"\ucc44\uc18c"},{"ingredient_name":"\ubc1c\uc0ac\ubbf9","original":"\ubc1c\uc0ac\ubbf9\ud06c\ub9bc\uc18c\uc2a4"},{"ingredient_name":"\ubbf8\uc5ed","original":"\ubbf8\uc5ed"},{"ingredient_name":"\ub2e4\uc2dc\ub9c8","original":"\ub2e4\uc2dc\ub9c810cm"},{"ingredient_name":"\uc624\uc9d5\uc5b4","original":"\uc9c4\ubbf8\uc624\uc9d5\uc5b4\ucc44"},{"ingredient_name":"\uac08\uce58","original":"\uac08\uce58 \ud070\uac70"},{"ingredient_name":"\ub2e4\uc2dc\ub9c8","original":"\ub2e4\uc2dc\ub9c8\uc6b0\ub9b0\ubb3c"},{"ingredient_name":"\ub9e4\uc0dd\uc774","original":"\ub9e4\uc0dd\uc774"},{"ingredient_name":"\uac00\ub8e8","original":"\ubd80\uce68\uac00\ub8e8\ubc00\uac00\ub8e8"},{"ingredient_name":"\ubd88\uace0\uae30","original":"\ubd88\uace0\uae30\uc6a9\uc18c\uace0\uae30"},{"ingredient_name":"\uba74","original":"\uad6d\uc218"},{"ingredient_name":"\uac10\uc790","original":"\uac10\uc790 \uc54c\uac10\uc790"},{"ingredient_name":"\ub3c8\uae4c\uc2a4","original":"\ub3c8\uae4c\uc2a4"},{"ingredient_name":"\uc124\ud0d5","original":"\ube44\uc815\uc81c\ud669\uc124\ud0d5"},{"ingredient_name":"\uae40\uce58","original":"\uc1a1\uc1a1 \uc370\uc740 \uae40\uce58"},{"ingredient_name":"\ub77c\uc774\uc2a4\ud398\uc774\ud37c","original":"\ub77c\uc774\uc2a4\ud398\uc774\ud37c"},{"ingredient_name":"\uc5f0\uc5b4","original":"\uc5f0\uc5b4\uce94"},{"ingredient_name":"\ud30c","original":"\uc1a1\uc1a1 \uc370\uc740 \ud30c"},{"ingredient_name":"\uac8c","original":"\uc554\uac8c"},{"ingredient_name":"\uc18c\uc8fc","original":"\uc18c\uc8fc\ube44\ub9b0\ub9db\uc81c\uac70\uc6a9"},{"ingredient_name":"\uace0\ucd94","original":"\ubca0\ud2b8\ub0a8\uace0\ucd94"},{"ingredient_name":"\ub2ec\ub798","original":"\ub2ec\ub798"},{"ingredient_name":"\ub2ed","original":"\ub2ed\ub300"},{"ingredient_name":"\uac10\uc790","original":"\uac10\uc790\uc18c"},{"ingredient_name":"\ud669\ud0dc","original":"\ud669\ud0dc\ub300"},{"ingredient_name":"\uc0ac\uace8","original":"\uc0ac\uace8"},{"ingredient_name":"\uc18c\uace0\uae30","original":"\uc18c\uace0\uae30 \uc0ac\ud0dc\ub098 \uc591\uc9c0"},{"ingredient_name":"\ub2f9\uba74","original":"\ucde8\ud5a5\uc5d0 \ub530\ub77c \ub2f9\uba74"},{"ingredient_name":"\ub3fc\uc9c0\uace0\uae30","original":"\ub3fc\uc9c0\ub4b7\ub2e4\ub9ac\uc0b4"},{"ingredient_name":"\uc124\ud0d5","original":"\ud751\uc124\ud0d5or \ubc31\uc124\ud0d5"},{"ingredient_name":"\ucc38\uae30\ub984","original":"\ub4e4\uae30\ub984or \ucc38\uae30\ub984"},{"ingredient_name":"\ud1b3","original":"\ud1b3 \uc57d"},{"ingredient_name":"\uc8fd\uc21c","original":"\uc8fd\uc21c"},{"ingredient_name":"\ub2ed","original":"\uce58\ud0a8"},{"ingredient_name":"\ub370\ub9ac\uc57c\ub07c\uc18c\uc2a4","original":"\ub370\ub9ac\uc57c\ub07c\uc18c\uc2a4"},{"ingredient_name":"\uc804\ubcf5","original":"\uc804\ubcf5"},{"ingredient_name":"\ub099\uc9c0","original":"\uc0b0\ub099\uc9c0"},{"ingredient_name":"\uc870\uac1c","original":"\uac74\ud64d\ud569"},{"ingredient_name":"\ubd81\uc5b4","original":"\ubd81\uc5b4\ud3ec"},{"ingredient_name":"\uac10\uc790","original":"\uad75\uc740 \uac10\uc790"},{"ingredient_name":"\ubd81\uc5b4","original":"\ubd81\uc5b4\ucc44"},{"ingredient_name":"\ub2ed","original":"\ub2ed\uc548\uc2ec\uc0b4"},{"ingredient_name":"\uacac\uacfc\ub958","original":"\ub545\ucf69\ubd84\ud0dc"},{"ingredient_name":"\uc0ac\uacfc","original":"\uc0ac\uacfc\uc999"},{"ingredient_name":"\uce74\ub808","original":"\uce74\ub808"},{"ingredient_name":"\uc18c\uc2dc\uc9c0","original":"\ube44\uc5d4\ub098\uc18c\uc138\uc9c0"},{"ingredient_name":"\ub3fc\uc9c0\uace0\uae30","original":"\ub3fc\uc9c0\uaecd\ub370\uae30\ub3c8\ud53c"},{"ingredient_name":"\uc2dc\ub098\ubaac","original":"\uacc4\ud53c\uac00\ub8e8"},{"ingredient_name":"\uc18c\uc8fc","original":"\uc18c\uc8fc \ud639\uc740 \ub9db\uc220"},{"ingredient_name":"\ud584","original":"\uce94\ud584"},{"ingredient_name":"\ub098\ubb3c","original":"\ube44\ub984\ub098\ubb3c"},{"ingredient_name":"\ubbf8\uc5ed","original":"\ubbf8\uc5ed\uadc0"},{"ingredient_name":"\uae40\uce58","original":"\uae40\uc7a5\uae40\uce58"},{"ingredient_name":"\ubc25","original":"\uace0\uc2ac\uace0\uc2ac\ud55c \ubc25"},{"ingredient_name":"\ub5a1","original":"\ub5a1\ubcf6\uc774 \ub5a1"},{"ingredient_name":"\uc694\uac70\ud2b8","original":"\uc694\uad6c\ub974\ud2b8"},{"ingredient_name":"\uc824\ub77c\ud2f4","original":"\ud310\uc824\ub77c\ud2f4"},{"ingredient_name":"\uacfc\uc77c","original":"\uacfc\uc77c \ud1b5\uc870\ub9bc\uc0dd\ub7b5\uac00\ub2a5"},{"ingredient_name":"\uc0bc\uacb9\uc0b4","original":"\ub300\ud328\uc0bc\uacb9\uc0b4"},{"ingredient_name":"\uc18c\uc2dc\uc9c0","original":"\ube44\uc5d4\ub098\uc18c\uc2dc\uc9c0"},{"ingredient_name":"\ud30c\ud504\ub9ac\uce74","original":"\ube68\uac15\ud30c\ud504\ub9ac\uce74"},{"ingredient_name":"\uc62c\ub9ac\ube0c\uc720","original":"\uc62c\ub9ac\ube0c\uc720\uc2dd\uc6a9\uc720"},{"ingredient_name":"\uace8\ubc45\uc774","original":"\uace8\ubc45\uc774 \ud1b5\uc870\ub9bc"},{"ingredient_name":"\ub538\uae30","original":"\ub538\uae30\uc120\ud0dd"},{"ingredient_name":"\uc721\uc218","original":"\uace8\ubc45\uc774 \uc721\uc218"},{"ingredient_name":"\ucd08\uace0\ucd94\uc7a5","original":"\ucd08\uace0\ucd94\uc7a5"},{"ingredient_name":"\uc5bc\uac08\uc774","original":"\uc5bc\uac08\uc774"},{"ingredient_name":"\ubc88\ub370\uae30","original":"\ubc88\ub370\uae30"},{"ingredient_name":"\uc54c\ud0c0\ub9ac","original":"\uc54c\ud0c0\ub9ac"},{"ingredient_name":"\ub300\ud30c","original":"\ucabd\ud30c \ud070\uac70"},{"ingredient_name":"\uc591\ub150\uc7a5","original":"\uc591\ub150\uc7a5"},{"ingredient_name":"\ub9cc\ub450","original":"\uad70\ub9cc\ub450"},{"ingredient_name":"\ud30c\ud504\ub9ac\uce74","original":"\uccad\ud53c\ub9dd"},{"ingredient_name":"\ub9c8\ub298","original":"\ub9c8\ub298\uc885\ub9c8\ub298\uc18d\ub300"},{"ingredient_name":"\ubd81\uc5b4","original":"\ud669\ud0dc \ubd81\uc5b4\ucc44"},{"ingredient_name":"\uac10\uc790","original":"\uac10\uc790 \uc911\uac04\uac83"},{"ingredient_name":"\ub3fc\uc9c0\uace0\uae30","original":"\uc2dd\uc6a9\uc720 \ub3fc\uc9c0\uace0\uae30\ub4f1\uc2ec"},{"ingredient_name":"\uc18c\uae08","original":"\uc18c\uae08\uc57d\uac04"},{"ingredient_name":"\ud1a0\ub9c8\ud1a0","original":"\ud1a0\ub9c8\ud1a0"},{"ingredient_name":"\uc5bc\uc74c","original":"\uac01\uc5bc\uc74c"},{"ingredient_name":"\uc591\ud30c","original":"\uc591\ud30c \uc791\uc740 \uac83"},{"ingredient_name":"\ud30c\ud504\ub9ac\uce74","original":"\uc8fc\ud669\ud30c\ud504\ub9ac\uce74"},{"ingredient_name":"\ub9c8\ub298","original":"\ub9c8\ub298\uc885"},{"ingredient_name":"\uae68","original":"\uac80\uc815\uae68"},{"ingredient_name":"\uac00\ub8e8","original":"\uc6b0\ub9ac\ud1b5\ubc00\uac00\ub8e8"},{"ingredient_name":"\uac04\uc7a5","original":"\uc218\uc81c\ub9db\uac04\uc7a5"},{"ingredient_name":"\uc2dd\ucd08","original":"\ub808\ubaac\uc999\uc2dd\ucd08"},{"ingredient_name":"\uc18c\uae08","original":"\ub9db\uc18c\uae08"},{"ingredient_name":"\uc6b0\ub7ed","original":"\uc6b0\ub7ed"},{"ingredient_name":"\uc624\ub9ac","original":"\ud6c8\uc81c \uc624\ub9ac\uace0\uae30 \uc2ac\ub77c\uc774\uc2a4"},{"ingredient_name":"\uce58\uc988","original":"\ud53c\uc790\uce58\uc988"},{"ingredient_name":"\uace0\ucd94\uac00\ub8e8","original":"\uad75\uc740\uace0\ucda7\uac00\ub8e8"},{"ingredient_name":"\uce58\uc988","original":"\ud30c\ub9c8\uc0b0\uce58\uc988\uac00\ub8e8"},{"ingredient_name":"\uc220","original":"\ubc31\ud3ec\ub3c4\uc8fc"},{"ingredient_name":"\uae40\uce58","original":"\uc798\uc775\uc740\uae40\uce58"},{"ingredient_name":"\ub9e4\uc2e4","original":"\ub9e4\uc2e4"},{"ingredient_name":"\ud5c8\ube0c","original":"\uc624\ub808\uac00\ub178"},{"ingredient_name":"\ud30c","original":"\uc794\ud30c"},{"ingredient_name":"\uc5f0\ub450","original":"\uc5f0\ub450"},{"ingredient_name":"\uc124\ud0d5","original":"\uc124\ud0d5or\ub9e4\uc2e4\ud6a8\uc18cor\ubc30\ud6a8\uc18c"},{"ingredient_name":"\ub300\ud30c","original":"\ucabd\ud30cor\ubd80\ucd94"},{"ingredient_name":"\uc0c8\uc6b0","original":"\ub0c9\ub3d9\uc0c8\uc6b0"},{"ingredient_name":"\uac10\uc790","original":"\uac10\uc790\uc804\ubd84"},{"ingredient_name":"\ucc38\uce58","original":"\uce94\ucc38\uce58"},{"ingredient_name":"\uacc4\ub780","original":"\uc720\uc815\ub780"},{"ingredient_name":"\ud584","original":"\uc0cc\ub4dc\uc704\uce58\ud584"},{"ingredient_name":"\uc7bc","original":"\ub538\uae30\uca08"},{"ingredient_name":"\ubd88\uace0\uae30","original":"\uc18c\ubd88\uace0\uae30"},{"ingredient_name":"\uc18c\uace0\uae30","original":"\uc18c\uace0\uae30\uad6d\uac70\ub9ac"},{"ingredient_name":"\ubb34","original":"\ubb34 3cm"},{"ingredient_name":"\uac74\ud3ec\ub3c4","original":"\uac74\ud3ec\ub3c4"},{"ingredient_name":"\ub3fc\uc9c0\uace0\uae30","original":"\ub3fc\uc9c0\uace0\uae30\uc7a1\ucc44\uc6a9"},{"ingredient_name":"\ubc84\uc12f","original":"\ud45c\uace0\ubc84\uc12f\uac00\ub8e8"},{"ingredient_name":"\uaf2c\ub9c9","original":"\uaf2c\ub9c9"},{"ingredient_name":"\uace0\ucd94","original":"\ub2e4\uc9c4 \ud64d\uace0\ucd94"},{"ingredient_name":"\ubd80\ucd94","original":"\ub2e4\uc9c4 \ubd80\ucd94"},{"ingredient_name":"\ub3fc\uc9c0\uace0\uae30","original":"\ub3fc\uc9c0\uac08\ube44"},{"ingredient_name":"\ubc24","original":"\ubc24"},{"ingredient_name":"\uace0\ucd94","original":"\uccad\uc591\uace0\ucd94\uc0dd\ub7b5\uac00\ub2a5"},{"ingredient_name":"\uba54\ucd94\ub9ac\uc54c","original":"\uba54\ucd94\ub9ac\uc54c\uc0b6\uc740\uac83"},{"ingredient_name":"\ubc25","original":"\ud604\ubbf8\ubc25"},{"ingredient_name":"\ubbf8\uc5ed","original":"\ub9c8\ub978\ubbf8\uc5ed"},{"ingredient_name":"\uc300","original":"\uc300\ub728\ubb3c"},{"ingredient_name":"\ud574\uc0bc","original":"\ud574\uc0bc"},{"ingredient_name":"\ub3fc\uc9c0\uace0\uae30","original":"\ub3fc\uc9c0\uace0\uae30\uc548\uc2ec"},{"ingredient_name":"\ub2ed","original":"\ub2ed\uc548\uc2ec\ub2ed\ub2e4\ub9ac\uc0b4"},{"ingredient_name":"\uace0\uad6c\ub9c8","original":"\uace0\uad6c\ub9c8\uc18c"},{"ingredient_name":"\ub2ed","original":"\uc911\uac04\ub2ed"},{"ingredient_name":"\ub179\ub9d0","original":"\uc804\ubd84"},{"ingredient_name":"\ub9e4\uc2e4","original":"\ub9e4\uc2e4\uc5d1\uae30\uc2a4"},{"ingredient_name":"\ud718\ud551\ud06c\ub9bc","original":"\ud718\ud551\ud06c\ub9bc\uc18c"},{"ingredient_name":"\uce58\uc988","original":"\ud30c\ub9c8\uc0b0\uac00\ub8e8"},{"ingredient_name":"\uc624\ub9ac","original":"\ud6c8\uc81c\uc624\ub9ac\uace0\uae30"},{"ingredient_name":"\ud30c\ud504\ub9ac\uce74","original":"\ub178\ub791\ud30c\ud504\ub9ac\uce74"},{"ingredient_name":"\uc5b4\ubb35","original":"\ub3d9\uc6d0 \uc5b4\ubb35 150g"},{"ingredient_name":"\ub2f9\uadfc","original":"\ub2f9\uadfc \ucc44\uc36c\uac83"},{"ingredient_name":"\uc591\ud30c","original":"\uc591\ud30c \ucc44\uc36c\uac83"},{"ingredient_name":"\uc6b0\ub7ed","original":"\uc6b0\ub7ed\uc190\ubc14\ub2e5\ub9cc\ud55c\ud06c\uae30"},{"ingredient_name":"\uc18c\uace0\uae30","original":"\uc18c\uace0\uae30\uc591\uc9c0"},{"ingredient_name":"\uc2dd\ucd08","original":"\ud604\ubbf8\uc2dd\ucd08"},{"ingredient_name":"\uace0\uae30","original":"\uace0\uae30"},{"ingredient_name":"\ub300\ud30c","original":"\ub9d0\ub9b0\ub300\ud30c\ubfcc\ub9ac"},{"ingredient_name":"\uc5f0\uc5b4","original":"\uc5f0\uc5b4"},{"ingredient_name":"\uc18c\uae08","original":"\ud5c8\ube0c\uc194\ud2b8"},{"ingredient_name":"\uc18c\uace0\uae30","original":"\uc1e0\uace0\uae30\uc0ac\ud0dc"},{"ingredient_name":"\ud1a0\ub9c8\ud1a0","original":"\ud640\ud1a0\ub9c8\ud1a0\uce94"},{"ingredient_name":"\ud0c0\uc784","original":"\ud0c0\uc784"},{"ingredient_name":"\uc624\uc9d5\uc5b4","original":"\uc624\uc9d5\uc5b4\ub300"},{"ingredient_name":"\ub2ed","original":"\ub2ed\uace0\uae30800g"},{"ingredient_name":"\ucf69","original":"\uc11c\ub9ac\ud0dc"},{"ingredient_name":"\uba74","original":"\uc6b0\ub3d9\uc0ac\ub9ac"},{"ingredient_name":"\uc544\uadc0","original":"\uc544\uadc0\uc18c"},{"ingredient_name":"\ubbf8\ub098\ub9ac","original":"\ubbf8\ub098\ub9ac\ub2e4\ub978\uc57c\ucc44\ub85c\ub300\uccb4\uac00\ub2a5"},{"ingredient_name":"\ubbf8\ub354\ub355","original":"\ubbf8\ub354\ub355\uc0dd\ub7b5\uac00\ub2a5"},{"ingredient_name":"\ubb34","original":"\ubb345cm"},{"ingredient_name":"\ub2e4\uc2dc\ub9c8","original":"\uac74\ub2e4\uc2dc\ub9c84cm4cm"},{"ingredient_name":"\uace0\ucd94","original":"\uac74\uace0\ucd94or\uccad\uc591\uace0\ucd94"},{"ingredient_name":"\uc591\ud30c","original":"\uac04\uc591\ud30c"},{"ingredient_name":"\uc0c8\uc6b0","original":"\uc655\uc0c8\uc6b0"},{"ingredient_name":"\uc721\uc218","original":"\uc0ac\uace8\uc721\uc218"},{"ingredient_name":"\ub3d9\ud0dc","original":"\ub3d9\ud0dc\ud070\uac83"},{"ingredient_name":"\ud584","original":"\uc2ac\ub77c\uc774\uc2a4\ud584"},{"ingredient_name":"\uce58\uc988","original":"\uace0\ub2e4\uce58\uc988"},{"ingredient_name":"\ud53c\ud074","original":"\ub2e4\uc9c4\ud53c\ud074"},{"ingredient_name":"\ubb34","original":"\ubb3410cm"},{"ingredient_name":"\uace0\ucd94\uac00\ub8e8","original":"\uccad\uc591 \uace0\ucda7\uac00\ub8e8"},{"ingredient_name":"\uc7a5\uc5b4","original":"\uc7a5\uc5b4"},{"ingredient_name":"\ubc30\ucd94","original":"\uc5bc\uac08\uc774\ubc30\ucd94\ub370\uce5c\uac83"},{"ingredient_name":"\uc721\uc218","original":"\ubb3c\uc721\uc218"},{"ingredient_name":"\ub610\ub760\uc544","original":"\ub610\ub760\uc544"},{"ingredient_name":"\uace0\ub974\uace4\uc878\ub77c","original":"\uace0\ub974\uace4\uc878\ub77c"},{"ingredient_name":"\uc2dc\ub798\uae30","original":"\uc2dc\ub798\uae30"},{"ingredient_name":"\uc219\uc8fc\ub098\ubb3c","original":"\uc219\uc8fc1\ubd09"},{"ingredient_name":"\uba54\ucd94\ub9ac\uc54c","original":"\uba54\uce04\ub9ac\uc54c"},{"ingredient_name":"\uc721\uc218","original":"\ub3fc\uc9c0\uace0\uae30\uc0b6\uc740 \uc721\uc218"},{"ingredient_name":"\ubd88\uace0\uae30","original":"\ubd88\uace0\uae30\uac10 \uc18c\uace0\uae30"},{"ingredient_name":"\ubb34","original":"\ubb34 2cm\ud06c\uae30"}]