[{"ingredient_name":"\uc2dd\ucd08"},{"ingredient_name":"\uc18c\uae08"},{"ingredient_name":"\ud3ec"},{"ingredient_name":"\ub5a1"},{"ingredient_name":"\uac00\uc9c0"},{"ingredient_name":"\uc5bc\uc74c"},{"ingredient_name":"\uc591\ud30c"},{"ingredient_name":"\uac04\uc7a5"},{"ingredient_name":"\uc18c\uace0\uae30"},{"ingredient_name":"\uac08\uce58"},{"ingredient_name":"\uac10\uc790"},{"ingredient_name":"\uac13"},{"ingredient_name":"\uace0\ucd94"},{"ingredient_name":"\ub2e4\uc2dc\ub9c8"},{"ingredient_name":"\ubbf8\uc5ed"},{"ingredient_name":"\ubc14\uc9c8"},{"ingredient_name":"\uc0c8\uc6b0"},{"ingredient_name":"\uc0c8\uc6b0\uac00\ub8e8"},{"ingredient_name":"\uac74\ud3ec\ub3c4"},{"ingredient_name":"\ubc84\uc12f"},{"ingredient_name":"\uc870\uac1c"},{"ingredient_name":"\uae68"},{"ingredient_name":"\ucf69"},{"ingredient_name":"\ub9db\uc0b4"},{"ingredient_name":"\uaca8\uc790"},{"ingredient_name":"\uacac\uacfc\ub958"},{"ingredient_name":"\uacc4\ub780"},{"ingredient_name":"\uc2dc\ub098\ubaac"},{"ingredient_name":"\uace0\uad6c\ub9c8"},{"ingredient_name":"\uace0\uae30"},{"ingredient_name":"\uce58\uc988"},{"ingredient_name":"\uace0\ub4f1\uc5b4"},{"ingredient_name":"\uace0\ub974\uace4\uc878\ub77c"},{"ingredient_name":"\uace0\uc0ac\ub9ac"},{"ingredient_name":"\ubc25"},{"ingredient_name":"\uace0\ucd94\uac00\ub8e8"},{"ingredient_name":"\uc624\uc774"},{"ingredient_name":"\uace0\ucd94\uc7a5"},{"ingredient_name":"\ud0a4\uc704"},{"ingredient_name":"\uc721\uc218"},{"ingredient_name":"\uace8\ubc45\uc774"},{"ingredient_name":"\uacfc\uc77c"},{"ingredient_name":"\uae40"},{"ingredient_name":"\uba78\uce58"},{"ingredient_name":"\uba74"},{"ingredient_name":"\ub9cc\ub450"},{"ingredient_name":"\uad74"},{"ingredient_name":"\uad74\uc18c\uc2a4"},{"ingredient_name":"\ud30c"},{"ingredient_name":"\uade4"},{"ingredient_name":"\uc2dd\uc6a9\uc720"},{"ingredient_name":"\uae40\uce58"},{"ingredient_name":"\uc561\uc813"},{"ingredient_name":"\uae7b\uc78e"},{"ingredient_name":"\uaf2c\ub9c9"},{"ingredient_name":"\uac8c"},{"ingredient_name":"\uafc0"},{"ingredient_name":"\ubb3c\uc5ff"},{"ingredient_name":"\ubb3c"},{"ingredient_name":"\ub099\uc9c0"},{"ingredient_name":"\ucc44\uc18c"},{"ingredient_name":"\ud30c\ud504\ub9ac\uce74"},{"ingredient_name":"\ub179\ub9d0"},{"ingredient_name":"\ud638\ubc15"},{"ingredient_name":"\ub2e4\uc2dc\ub2e4"},{"ingredient_name":"\ud1a0\ub9c8\ud1a0"},{"ingredient_name":"\ub2f9\uadfc"},{"ingredient_name":"\ub300\ud30c"},{"ingredient_name":"\ub3fc\uc9c0\uace0\uae30"},{"ingredient_name":"\ub9c8\ub298"},{"ingredient_name":"\ubd80\ucd94"},{"ingredient_name":"\uc0dd\uac15"},{"ingredient_name":"\ud30c\uc2ac\ub9ac"},{"ingredient_name":"\ud30c\uc778\uc560\ud50c"},{"ingredient_name":"\ud53c\ud074"},{"ingredient_name":"\ud560\ub77c\ud53c\ub1e8"},{"ingredient_name":"\ub2e8\ubb34\uc9c0"},{"ingredient_name":"\ub2e8\ud638\ubc15"},{"ingredient_name":"\ub2ec\ub798"},{"ingredient_name":"\ub2ed"},{"ingredient_name":"\ub2ed\uac00\uc2b4\uc0b4"},{"ingredient_name":"\ubbf8\ub098\ub9ac"},{"ingredient_name":"\ub2f9\uba74"},{"ingredient_name":"\ub300\uad6c"},{"ingredient_name":"\ub300\ucd94"},{"ingredient_name":"\uc0bc\uacb9\uc0b4"},{"ingredient_name":"\ub354\ub355"},{"ingredient_name":"\ub370\ub9ac\uc57c\ub07c\uc18c\uc2a4"},{"ingredient_name":"\ub3c4\ub77c\uc9c0"},{"ingredient_name":"\ub3c8\uae4c\uc2a4"},{"ingredient_name":"\uc0dd\ud06c\ub9bc"},{"ingredient_name":"\uc5b4\ubb35"},{"ingredient_name":"\ub3d9\ud0dc"},{"ingredient_name":"\ub41c\uc7a5"},{"ingredient_name":"\ub450\ubc18\uc7a5"},{"ingredient_name":"\ub450\ubd80"},{"ingredient_name":"\ucc38\uae30\ub984"},{"ingredient_name":"\ub4f1\uac08\ube44"},{"ingredient_name":"\ub514\ud3ec\ub9ac"},{"ingredient_name":"\ub538\uae30"},{"ingredient_name":"\uc7bc"},{"ingredient_name":"\uc694\uac70\ud2b8"},{"ingredient_name":"\ub610\ub760\uc544"},{"ingredient_name":"\uc870\ubbf8\ub8cc"},{"ingredient_name":"\ub77c\uc774\uc2a4\ud398\uc774\ud37c"},{"ingredient_name":"\uc640\uc778"},{"ingredient_name":"\ub808\ubaac"},{"ingredient_name":"\ub9c8"},{"ingredient_name":"\ub9c8\uc694\ub124\uc988"},{"ingredient_name":"\ub9c9\uac78\ub9ac"},{"ingredient_name":"\ub9cc\ub450\ud53c"},{"ingredient_name":"\uc18c\uc8fc"},{"ingredient_name":"\ub9e4\uc0dd\uc774"},{"ingredient_name":"\ub9e4\uc2e4"},{"ingredient_name":"\uba38\uc2a4\ud0c0\ub4dc"},{"ingredient_name":"\uba54\ucd94\ub9ac\uc54c"},{"ingredient_name":"\uc300"},{"ingredient_name":"\uba78\uce58\uc561\uc813"},{"ingredient_name":"\uba85\ud0dc"},{"ingredient_name":"\ubb34"},{"ingredient_name":"\ubb34\ub9d0\ub7ad\uc774"},{"ingredient_name":"\ubbf8\ub354\ub355"},{"ingredient_name":"\uac00\ub8e8"},{"ingredient_name":"\ubc14\uc9c0\ub77d"},{"ingredient_name":"\ubc1c\uc0ac\ubbf9"},{"ingredient_name":"\ubc24"},{"ingredient_name":"\ubc30"},{"ingredient_name":"\ubc30\ucd94"},{"ingredient_name":"\uc124\ud0d5"},{"ingredient_name":"\uc220"},{"ingredient_name":"\ud6c4\ucd94"},{"ingredient_name":"\ubc84\ud130"},{"ingredient_name":"\ubc88\ub370\uae30"},{"ingredient_name":"\ubca0\uc774\ucee8"},{"ingredient_name":"\ubca0\uc774\ud0b9\ud30c\uc6b0\ub354"},{"ingredient_name":"\ubd04\ub3d9"},{"ingredient_name":"\ubd81\uc5b4"},{"ingredient_name":"\ubd88\uace0\uae30"},{"ingredient_name":"\ube0c\ub85c\ucf5c\ub9ac"},{"ingredient_name":"\ub098\ubb3c"},{"ingredient_name":"\uc18c\uc2dc\uc9c0"},{"ingredient_name":"\uc0ac\uace8"},{"ingredient_name":"\uc0ac\uacfc"},{"ingredient_name":"\ud0c4\uc0b0"},{"ingredient_name":"\uc2dc\ub798\uae30"},{"ingredient_name":"\uc0c1\ucd94"},{"ingredient_name":"\uc2dd\ube75"},{"ingredient_name":"\ud584"},{"ingredient_name":"\uc5f0\uc5b4"},{"ingredient_name":"\uace0\uad6c\ub9c8\uc21c"},{"ingredient_name":"\uc218\ubc15"},{"ingredient_name":"\uc219\uc8fc\ub098\ubb3c"},{"ingredient_name":"\uc2a4\ud14c\uc774\ud06c\uc18c\uc2a4"},{"ingredient_name":"\uc2dc\uae08\uce58"},{"ingredient_name":"\uace4\uc57d"},{"ingredient_name":"\uc465\uac13"},{"ingredient_name":"\uc544\uad6c"},{"ingredient_name":"\uc544\uadc0"},{"ingredient_name":"\uc544\uc2a4\ud30c\ub77c\uac70\uc2a4"},{"ingredient_name":"\uc544\uc6b1"},{"ingredient_name":"\uc54c\ud0c0\ub9ac"},{"ingredient_name":"\uc560\ud638\ubc15"},{"ingredient_name":"\uc591\ub150\uc7a5"},{"ingredient_name":"\uc591\ubc30\ucd94"},{"ingredient_name":"\uc5bc\uac08\uc774"},{"ingredient_name":"\uc5f0\uadfc"},{"ingredient_name":"\uc5f0\ub450"},{"ingredient_name":"\uc5f0\uc720"},{"ingredient_name":"\ud574\ud30c\ub9ac"},{"ingredient_name":"\ud5c8\ube0c"},{"ingredient_name":"\uc624\ub80c\uc9c0"},{"ingredient_name":"\uc624\ub9ac"},{"ingredient_name":"\uc624\uc9d5\uc5b4"},{"ingredient_name":"\uc625\uc218\uc218"},{"ingredient_name":"\uc62c\ub9ac\ube0c\uc720"},{"ingredient_name":"\uc6b0\uc720"},{"ingredient_name":"\uc6b0\ub7ed"},{"ingredient_name":"\uc6b0\uc5c9"},{"ingredient_name":"\uc6d4\uacc4\uc218"},{"ingredient_name":"\uc740\ud589"},{"ingredient_name":"\ucee4\ud53c"},{"ingredient_name":"\ucf54\ub2e4\ub9ac"},{"ingredient_name":"\uc7a5\uc5b4"},{"ingredient_name":"\uc801\ub450"},{"ingredient_name":"\uc804\ubcf5"},{"ingredient_name":"\uc815\ud5a5"},{"ingredient_name":"\uc870\uae30"},{"ingredient_name":"\uc8fd\uc21c"},{"ingredient_name":"\uc9c4\ubbf8\ucc44"},{"ingredient_name":"\ucc28\ub3cc\ubc15\uc774"},{"ingredient_name":"\ucc38\uce58"},{"ingredient_name":"\ucc39\uc300"},{"ingredient_name":"\uccad\uacbd\ucc44"},{"ingredient_name":"\uccad\uad6d\uc7a5"},{"ingredient_name":"\ubb35"},{"ingredient_name":"\ucd08\uace0\ucd94\uc7a5"},{"ingredient_name":"\uce60\ub9ac\uc18c\uc2a4"},{"ingredient_name":"\uce74\ub77c\uba5c\uc18c\uc2a4"},{"ingredient_name":"\uce74\ub808"},{"ingredient_name":"\ucf00\ucca9"},{"ingredient_name":"\ucf69\ub098\ubb3c"},{"ingredient_name":"\ud0c0\uc784"},{"ingredient_name":"\ud1a0\ub780"},{"ingredient_name":"\ud1b3"},{"ingredient_name":"\ud30c\ub798"},{"ingredient_name":"\uc824\ub77c\ud2f4"},{"ingredient_name":"\ud325"},{"ingredient_name":"\ud56b\uc18c\uc2a4"},{"ingredient_name":"\ud574\uc0bc"},{"ingredient_name":"\ud64d\ucd08"},{"ingredient_name":"\ud669\uae30"},{"ingredient_name":"\ud669\ud0dc"},{"ingredient_name":"\ud6c4\ub9ac\uac00\ucf00"},{"ingredient_name":"\ud718\ud551\ud06c\ub9bc"},{"ingredient_name":"\ud751\uc784\uc790"}]